Area,Year,Savanna fires,Forest fires,Crop Residues,Rice Cultivation,Drained organic soils (CO2),Pesticides Manufacturing,Food Transport,Forestland,Net Forest conversion,Food Household Consumption,Food Retail,On-farm Electricity Use,Food Packaging,Agrifood Systems Waste Disposal,Food Processing,Fertilizers Manufacturing,IPPU,Manure applied to Soils,Manure left on Pasture,Manure Management,Fires in organic soils,Fires in humid tropical forests,On-farm energy use,Rural population,Urban population,Total Population - Male,Total Population - Female,total_emission,Average Temperature ?øC
Afghanistan,2020,10.8427,0,427.5284,578.4156,0,107.6281488,545.3243,154.6574,0,1548.1399,630.7575,101.731,353.9306403,3597.1846,1641.652932,38.2179,341.0475,426.4361,2743.5945,785.3315,0,0,,28150604,9904337,19692301,19279930,14032.42062,0.20925
Albania,2020,2.5732,0,37.9949,248.061497,105.631,8,262.7122,-352.0139,0,164.8518,186.3487,1.0559,57.0829,687.6005,73.8525,377.4078996,1386.8821,162.2118,294.4972,399.1576,0,0,307.9807,1114672,1827362,1433767,1433082,4411.888497,1.554166667
Algeria,2020,41.1136,107.1825,361.0129,1.3171,0,48,4307.4471,-440.7773,637.8973,24237.5526,922.8476,626.6865,1884.2194,9494.9015,2528.6092,2744.6234,17426.2902,145.7414,3960.4686,369.2031,0,0,198.7563,11382345,31950910,22132899,21318767,69603.093,1.882083333
American Samoa,2020,0,0,,1410.445506,0,11.48108457,9.6998,-50.3736,9.2257,0.7244,3.8553,17.00466279,77.39365076,2.1052,43.5977,2005.792129,,,2148.251693,,0,0,18.983,7169,48630,22921,23268,5708.186226,1.409833333
Andorra,2020,0,0,,926.3422785,0,11.48108457,30.7624,0,0,2.2314,10.2423,17.00466279,67.63136607,15.9781,451.1962912,1664.257391,36.178,,2313.955884,,0,0,51.8471,9327,67857,39615,38084,5599.108259,2.388083333
Angola,2020,24245.0015,13139.8211,214.678,66.0442,316.1237,1,568.2273,0,35168.7283,1326.7464,253.6741,2500.235737,96.3619,2705.5988,1641.526004,922.655502,1422.7462,374.9228,2684.117,767.3734,0,12737.9436,34.6515,10890448,21936953,16517497,16910989,101188.177,1.129333333
Anguilla,2020,0,0,,2319.753955,0,11.48108457,4.161,,,15.5126,6.8042,1.5826,74.01813278,65.07234738,483.1260998,2791.684228,0,,6250.660317,,0,0,6.0374,0,15283,7644,7941,12029.89396,1.139333333
Antigua and Barbuda,2020,0,0,0.0005,246.4072765,0,1,21.6821,,,19.3886,39.6455,6.0405,172.1797793,34.584,252.21419,1807.613681,21.4993,1.4503,4.7067,1.4491,0,0,36.4125,79428,25682,44236,48428,2666.274027,1.0455
Argentina,2020,3569.1449,1362.1267,7405.2933,1452.752,5215.7866,7467,5468.9167,-27952.2907,54702.45,5230.9596,8035.158,190.6029,2140.0216,11666.4608,8932.6734,940.8151,12201.3954,1117.4751,23897.7836,2473.7841,0,603.3137,11909.0686,3590542,41919857,22297001,22739031,148030.6914,1.118833333
Armenia,2020,0.7411,5.0696,20.5825,248.061497,0,10,278.0492,0,36.0668,274.8616,265.5977,25.3904,54.3256,487.7668,155.3794,377.4078996,1557.0551,30.1735,370.4351,61.0266,0,0,225.3384,1078125,1860554,1265512,1540097,4483.328797,1.743583333
Aruba,2020,0,0,,1410.445506,0,11.48108457,22.7682,-0.1222,0,44.8158,100.8495,16.5172,67.63136607,81.7812,451.1962912,1598.046702,3.9003,,2313.955884,,0,0,16.7092,59927,46511,50211,56373,6139.976034,1.297666667
Australia,2020,13405.8811,10985.2467,1888.7887,44.1617,2857.1293,2572,10125.9783,-1585.0912,1256.3833,11169.3889,8798.191,1398.484,4130.457,5460.1101,7356.1295,894.8855,31960.267,821.7866,21169.203,5197.6587,0,71.0245,6118.1537,3494472,21903705,12738210,12931840,146096.2174,1.183333333
Austria,2020,0.0615,0.1302,288.8322,926.3422785,287.6804,90,1726.7519,-7440.2896,225.94,1110.2687,1273.7881,162.9566,676.0578,1468.4862,1248.7241,1953.627245,25895.924,567.3351,390.1849,1452.0536,0,0,913.0816,3622850,5159360,4382851,4524926,33217.93682,2.241666667
Azerbaijan,2020,5.874,10.7919,209.8803,23.5278,0,11,743.1891,-2370.8966,454.8745,1536.6999,1392.8752,503.8283,248.7535,2212.9518,633.2309,363.1460658,1816.3035,77.1931,2082.2343,186.9892,0,0,1339.278,4403813,5695930,5077681,5207270,11481.72477,1.753
Bahamas,2020,11.3206,25.8788,0.0262,246.4072765,0,4,46.6315,0,0,114.4652,170.6973,38.5598,128.2003888,258.5731,209.5877284,1470.693915,12.3012,4.6283,7.0091,3.8687,0,25.8788,97.8904,68165,338674,194506,211965,2876.618308,1.493166667
Bahrain,2020,0,0,,757.7566432,0,0,370.5881,-2.8889,0,734.6334,775.0726,47.5273,725.1392,535.845,6.4168,552.4964,3915.061,6.3832,37.2643,8.8252,0,0,,178170,1519595,920430,557039,8470.120243,2.0125
Bangladesh,2020,44.0457,243.22,3626.0271,31777.8679,17541.2199,309,1193.4932,0,0,2794.7881,2212.5886,812.0667,32.1404,17689.1291,2978.611331,1177.8136,2413.6562,1590.4972,8717.1527,2936.7882,0,243.22,3697.8136,104960356,64814953,83063714,84357236,102031.1395,0.932083333
Barbados,2020,0,0,0.0045,246.4072765,0,7,37.686,-1.8328,0,48.7303,151.3544,23.94833356,172.1797793,192.3421,209.5877284,667.2095245,80.1008,8.6579,14.4863,7.9907,0,0,6.348,197873,89695,134528,146165,1872.200842,1.261359007
Belarus,2020,17.5912,28.2939,464.558,926.3422785,41960.7529,123,1185.1021,-43554.3753,0,1174.7608,663.9411,582.7215,310.9694,2370.9946,2001.4512,9060.3837,24885.9942,1149.0709,495.5963,2176.5643,0,0,2631.484,1931795,7483636,4445014,5188726,48655.19708,3.295833333
Belgium,2020,0.0636,0,176.0252,715.8712441,202.4971,88,1772.8852,0,0,1183.7137,2570.1152,311.8539,527.1274,1206.6753,3590.0777,2012.447178,16032.4302,833.0963,430.4186,2304.8444,0,0,1789.8776,223197,11396775,5707264,5854453,35748.01982,2.539416667
Belize,2020,18.8544,180.3561,7.0584,2.4155,173.5741,23,47.8531,-5.412,5036.768,67.67,38.9552,3.4234,67.63136607,171.6219,209.5877284,5602.466262,3.0012,6.4261,49.1443,8.3451,0,180.3561,63.4068,214825,183182,198810,196111,11956.50306,1.725583333
Benin,2020,623.0081,58.0318,161.5645,81.9954,0,131.047106,693.5612,-42.8413,10753.1747,77.5548,697.4951,20.9801,22.3271,844.9004,32.2014,356.4910169,440.0347,90.2723,1430.167,208.903,0,58.0318,63.3154,6253682,5869303,6330776,6312347,16802.21562,1.0965
Bermuda,2020,0,0,,1410.445506,0,1,8.152,,,3.1485,7.164,17.00466279,83.78041747,7.18,483.1260998,2005.792129,,,6155.881727,,0,0,19.375,0,60639,30939,33092,10202.05004,1.217913493
Bhutan,2020,0.1824,6.0787,6.188,40.8709,0,1,9.046,-1318.1982,0,33.5003,30.3382,1.045,67.63136607,114.8022,252.21419,3622.394178,1014.4078,12.3236,56.3663,31.8055,0,1.67,10.4727,481800,353445,409408,363099,3994.139134,1.211166667
Bolivia (Plurinational State of),2020,2319.6517,8844.4137,409.8884,345.9714,0,530,987.6433,-318.9952,67700.9512,2922.0575,1057.9555,179.8646,6.3508,1979.1099,2012.634118,18.853,56739.1802,645.5382,5730.1217,1056.0532,0,8088.3621,637.7601,3449008,8094974,5992275,5943886,161893.3654,1.342833333
Bosnia and Herzegovina,2020,12.2202,19.3914,96.5054,252.9215786,105.2068,85,511.9696,-1785.5422,0,389.7445,679.9133,42.6126,110.3675,868.7573,324.337,85.6894,2345.885,181.4678,170.3967,402.7211,0,0,141.0963,1783400,1714810,1632854,1685553,5040.661279,1.902083333
Botswana,2020,3947.8316,0,10.7882,248.061497,629.7724,1,242.0597,0,40513.8067,274.5262,443.5377,80.499,9.0514,170.4175,133.7947,374.5234206,41.173,12.8947,588.149,47.342,0,0,571.6824,703554,1712212,1256708,1289694,48340.91112,0.229666667
Brazil,2020,12391.0371,20461.9174,13452.4629,3051.5441,478.5922,7352,24813.7727,-269412.8448,653402.772,21000.3629,16052.5815,3395.6224,5355.5296,78116.2498,7269.0511,2175.6936,54902.0431,9423.6255,92630.7568,12894.4955,0,20333.0662,25387.5329,27645976,186217070,104779288,108417015,814927.8645,1.45925
British Virgin Islands,2020,0,0,,2445.539076,0,12.23287065,3.8659,,,,9.8991,548.4029167,971.8037031,1.0815,1738.858621,2937.179815,0.7381,,6250.660317,,0,0,3.8862,16802,15832,14900,16010,14924.14812,1.240333333
Brunei Darussalam,2020,0.0667,0.8328,0.1823,4.1473,243.2925,1,135.3271,-17.9458,17.9458,452.9647,310.9951,80.6605,4.235,172.8995,131.5691235,5110.491179,828.5443,24.1962,34.7783,20.465,75.9824,0.8328,5.2484,96681,347838,228677,213048,7638.711202,1.772416667
Bulgaria,2020,2.9215,1.3009,484.5497,96.824,1097.2977,114,730.2591,-38226.474,3247.794,850.3061,570.9577,144.6396,331.1907,1102.7656,838.5616,4.1275,4700.0974,251.8728,194.2065,417.5432,0,0,592.965,1687490,5253037,3385278,3593896,-22452.2934,2.111
Burkina Faso,2020,870.4704,0.5175,359.4554,1282.9783,0,33,275.8122,17596.48,6504.96,298.6782,658.8551,11.0827,124.8863605,2455.7473,519.7198724,356.4910169,1610.1637,361.5762,6749.2896,1019.502,0,0,,14505434,6397911,10718602,10804024,41089.66585,1.16775
Burundi,2020,20.0799,3.1033,75.5578,92.4806,3029.9346,1,73.0752,0,0,5.9729,173.9795,4.1983,67.63136607,1369.6494,209.5877284,356.4910169,83.8339,85.3995,619.5695,165.4245,0,0,32.5775,10302641,1636586,6066599,6153627,6469.546511,1.279813605
Cabo Verde,2020,0,0,0.6426,246.4072765,0,0,20.7055,-62.92,0,22.9215,32.4685,2.4892,67.63136607,111.3068,209.5877284,779.5667924,3.8016,6.9944,31.2858,13.0744,0,0,12.6162,189200,378148,289745,292895,1498.579663,1.283089693
Cambodia,2020,1084.5241,3478.1438,776.3911,12747.9017,0,139.0560473,780.6565,-2224.4618,31230.0278,1236.7263,646.8672,580.7057312,392.0872734,1734.5565,1875.072275,717.9988907,5380.0352,334.2678,778.8342,1247.4228,0,2100.5338,1.0679,12665049,4050459,8115527,8281334,65038.41512,1.40475
Cameroon,2020,1437.0641,1794.3813,260.5361,533.5081,1539.4918,128,396.6508,-1132.78,32850.62,254.715,103.1597,16.9183,60.8224,2423.3664,61.7892,356.4910169,1578.0885,233.5945,3310.8627,563.233,0,1754.8108,,11016661,14941523,13210626,13280460,48525.32372,1.363
Canada,2020,48.6691,222.2592,4246.3211,1387.832116,38215.5516,1671,17448.9744,-80719.7361,96117.2071,7181.9268,7616.112,838.5298,3441.489,6137.5389,5677.0547,23023.1519,67410.2051,1434.005,3959.5972,7580.2227,0,0,19231.7986,6933141,30670064,18826542,19062163,232169.7102,1.317
Cayman Islands,2020,0,0,,1680.010525,0,11.48108457,19.9489,-3.7005,0,6.2054,21.5157,17.00466279,77.39365076,44.7583,451.1962912,2005.792129,,,2148.251693,,0,0,14.3991,0,63890,33941,33370,6494.256937,1.257083333
Central African Republic,2020,9680.2078,20522.2881,10.0646,7.0619,56.4702,1,25.0239,0,13917.2,9.8249,292.9632,3.3667,67.63136607,581.9398,209.5877284,2601.510068,22.114,132.9745,2498.6983,347.39,0,19589.7677,12.7687,2844355,2076534,2672080,2670940,70589.85346,1.213916667
Chad,2020,4224.3706,1106.4704,205.3483,370.7928,0,2,157.6256,34.474,23298.8947,109.5847,395.3071,18.0971,77.35530489,1503.6951,496.5722626,356.4910169,211.0466,337.7224,21676.2464,2420.3962,0,1074.2633,78.9861,12454833,3830260,8355035,8289666,58155.73998,1.242083333
Channel Islands,2020,0,0,,9622.362726,0,258.5834852,2320.335143,,,,1288.539054,643.5802313,1347.034634,7.749,2369.112862,1959.051067,,,4380.212343,,0.058149493,,,115690,51888,17117100.87,16875137.39,24196.6187,1.995083333
Chile,2020,24.3844,198.269,158.2068,163.4739,1035.6147,171,2721.0656,-58269.1025,0,2306.6971,4913.3992,385.9245,1379.2988,5519.8462,253.4017,1173.9188,5369.0616,703.3308,1870.6072,559.3494,0,0,1519.803,2267065,16205574,9579957,9720358,-27842.4498,0.927166667
China,2020,163.8876,603.8159,33490.0741,149256.6625,3916.9002,8525,40641.4559,-651765.3001,0,466288.2007,133784.0653,90812.7922,174770.5565,210913.1157,190706.7592,136078.8907,1861640.663,27778.7258,53928.5262,60419.0966,0,0,123159.8608,554487938,902077760,743586579,713341908,3115113.748,1.574
"China, Hong Kong SAR",2020,0,0,,0,0,2,853.6742,,,5308.8641,2473.5303,11.3554,6.6124,3006.4421,260.6861709,550.8798674,1365.9879,5.494,3.8399,28.5071,0,0,,0,7547652,3462186,4038771,13877.87344,1.757833333
"China, Macao SAR",2020,0,0,,764.8928096,0,1,52.6209,,,37.3336,50.7223,20.3070255,67.63136607,203.0554,252.21419,1987.519001,171.0525,0.9623,1.3437,0.7746,0,0,26.2588,0,651875,317655,358628,3637.688492,1.757833333
"China, mainland",2020,163.8876,603.8159,33384.8108,147922.6112,3916.9002,8210,35648.7214,-651765.3001,0,446192.1025,128863.1877,88981.1243,172122.9936,207703.6185,187180.8058,134613.5596,1833401.207,27481.1719,53654.8441,59298.4815,0,0,121510.5493,549472347,875075919,727993760,696936022,3039089.093,1.573416667
"China, Taiwan Province of",2020,0,0,105.2633,1334.0513,0,313,4086.4396,,,14749.9006,2396.625,1820.3124,2640.9508,4992.703217,3525.9536,1465.3311,26702.4153,291.0976,268.4984,1091.3334,0,0,1623.0499,5015591,18802314,11812978,12008487,67406.92552,1.67325
Colombia,2020,1714.2445,434.0292,300.1873,3460.1613,705.5352,933,3419.0306,-281.4225,82452.6637,5021.634,4104.8463,161.5967,737.9302,11637.0405,5333.1846,1193.8466,9114.6907,1625.1973,11933.0027,1874.3034,0,409.0646,2811.7051,9328416,40891996,25139588,25791075,149095.472,1.54625
Comoros,2020,0.0359,0,3.8163,184.7888,0,0,21.8082,0,59.8556,2.9963,0.7578,0.507,67.63136607,81.9532,209.5877284,3947.165091,3.7207,0.9815,36.1305,2.9439,0,0,9.6663,614114,255487,404903,401263,4634.346186,0.979416667
Congo,2020,2025.9523,519.475,2.2975,4.0141,2934.6679,0,125.5491,0,6750.04,99.104,82.0705,38.6504,67.63136607,351.3228,49.1325,2494.960272,316.273,12.4264,184.3637,30.9997,0,515.3371,98.9879,1829564,3857353,2847552,2854622,16703.25554,1.488
Cook Islands,2020,0,0,,921.6641089,0,0,2.5985,-3.1136,0,,44.3894237,0.2868,212.0336516,65.07234738,267.8872835,1005.587752,0.1966,0.7971,0.1833,8.8156,0,0,3.7349,4292,13223,8143,8886,2530.133768,0.3785
Costa Rica,2020,11.2664,51.5873,10.7976,29.3733,68.7554,144,573.8743,-7441.984,0,151.8927,173.9142,1.9421,17.964,1533.1934,255.9401,356.4910169,1007.4459,239.8867,522.5261,127.0744,0,41.239,136.3211,969965,4074214,2564622,2558483,-1986.498983,1.447383259
Croatia,2020,4.1096,13.0155,195.5378,585.2612789,9.4432,31,544.5098,-4809.6327,453.6125,310.7009,319.1857,26.5742,94.7247,962.4586,480.0163,1518.0761,4308.6245,179.553,140.9993,452.169,0,0,743.9866,1747114,2368833,1993655,2103215,6563.925879,1.96975
Cuba,2020,113.8904,110.2583,36.1506,584.8326,0,81.87204179,476.0873,-3049.2,0,1392.1703,534.9977,196.818,4.3606,3724.066,179.4238,166.2302,1570.8031,210.8098,1898.7192,320.181,0,100.6721,3292.6104,2621644,8873848,5616818,5683880,11945.75344,1.638166667
Cyprus,2020,0.7359,0,5.7892,246.4072765,0,28,142.4977,-279.047,30.3359,131.5283,168.22,100.1513,29.964,325.8776,182.9325,378.3912027,1599.003,31.6519,94.0968,74.5493,0,0,92.5692,400589,806754,619932,617605,3383.654079,1.780833333
Czechia,2020,0,0,476.7076,813.9562653,264.6027,88,1570.8256,-6894.22,958.8724,2655.4397,2528.5633,238.0279,630.5871,1856.6938,2270.1968,38.9437,10638.3015,402.5237,169.8262,734.3993,0,0,1327.5698,2758156,7875268,5187485,5343468,20769.81737,2.324833333
Democratic People's Republic of Korea,2020,1.4635,2.8598,312.063,2344.4507,147.8073,22.63727994,175.1875,88.4413,3123.0745,681.2272,2093.0407,49.8065,3.8794,5924.469533,340.22429,1802.424706,11988.2748,155.9246,520.133,353.0347,0,0,1137.8519,9720959,16119904,12778255,13089212,31268.27621,1.76675
Democratic Republic of the Congo,2020,22422.0822,30681.0753,358.9845,879.648,458.824,54.72995831,247.5917,0,600789.5942,11.0499,1611.1327,0.0679,8.5781,8388.5009,0.0362,363.1460658,710.2547,105.6508,978.7149,223.157,0,30483.3428,,48656754,40848447,46065978,46787187,698776.1618,1.6965
Denmark,2020,0,0,575.5086,926.3422785,2341.3433,66,934.3393,-2544.3042,2260.8729,410.6139,358.3682,125.1305,102.2688,725.2877,1390.284,508.5287074,3757.8502,1019.6623,295.7444,3493.3345,0,0,222.6151,688897,5107903,2897282,2928360,16969.79049,2.60575
Djibouti,2020,0.0133,0,0.329,246.4072765,0,11.48108457,12.1419,0.0059,0,15.2445,132.9078,2.6894,67.63136607,101.0028,209.5877284,378.3912027,80.8029,3.7115,214.5644,21.5651,0,0,6.4577,219361,780538,541471,548686,1504.934858,1.459777778
Dominica,2020,0,0,0.0116,246.4072765,0,11.48108457,5.3361,-13.9262,0,8.412,7.6296,2.5783,128.2003888,16.6125,209.5877284,739.0659761,0.0804,2.2907,6.3932,1.35,0,0,3.5099,21697,53355,35883,36112,1375.020554,0.971583333
Dominican Republic,2020,3.2495,1.0453,61.5835,1445.2176,0,207,780.4834,-2161.005,603.68,1253.417,1752.9578,714.5726,217.402,4273.6837,1348.1536,363.1460658,2230.0326,397.5802,1590.14,359.4654,0,0.139,332.9299,1939482,9168876,5527482,5472181,15774.87417,1.416416667
Ecuador,2020,28.2384,13.6817,151.5159,1839.7109,81.0195,563,1645.0231,0,26042.4182,2002.2853,466.3191,1092.1666,337.381995,4571.9396,779.5777676,356.4910169,2877.1889,501.1165,1941.4416,424.1685,0,1.5267,417.6158,6212001,11123641,8790148,8798448,46133.82708,1.50375
Egypt,2020,5.8815,0,1230.0193,4344.9672,0,273,5539.0072,0,182.8177,18238.4456,6054.1219,3834.8123,176.7411,17236.4981,2051.837824,10890.6234,36608.7495,158.8753,2987.0895,337.3524,0,0,2848.8773,58900432,44041052,54357401,53107732,112999.7171,1.237833333
El Salvador,2020,4.5986,7.1582,56.1383,2.8687,0,75,390.8223,-61.5014,1142.5814,569.9318,267.7922,18.262,0.0549,1784.9768,1.0509,2293.565448,780.4377,84.8425,311.3455,72.6846,0,2.5001,226.2839,1720558,4758508,2997430,3295300,8031.394448,1.4535
Equatorial Guinea,2020,0,1.3879,,764.8928096,0.6581,11.48108457,51.6089,0,3832.2797,55.3204,174.5153,10.7592,10.7785,116.8954,131.5691235,374.5234206,1203.804,0.9053,7.4275,1.7594,0,1.3879,67.6359,378290,1027990,844153,751896,6819.589838,1.407916667
Eritrea,2020,24.5112,0,28.9245,248.061497,8.3403,1,23.9376,-214.8526,656.3847,17.9067,12.9399,12.6361,67.63136607,1074.29905,209.5877284,377.4078996,113.0155,36.307,1341.2349,126.3581,0,0,19.5363,3186178,2246038,1753513,1802355,4185.167741,0.358625
Estonia,2020,0.0788,0,99.2221,306.0503793,5209.9951,19,209.4318,-574.0618,0,191.7941,338.2283,93.0675,37.269,258.8904,397.2282,5.8072,267.6245,74.5909,53.1614,189.0935,0,0,329.6538,400194,900365,629841,699604,7506.125179,3.49625
Eswatini,2020,23.1972,7.6487,5.5623,0.5978,0,11.57649443,84.5021,-475.613,347.6799,61.8135,164.7429,227.685,0.0554,166.7963,339.1679,7225.017931,12.712,11.2109,298.6428,30.1924,0,0,62.3841,1091400,347895,585916,594739,8605.572625,0.81225
Ethiopia,2020,2953.1059,1489.789,1361.037,245.1999,5622.6196,76,823.8699,-6342.9168,31196.0308,4.4066,73.0804,74.99197077,263.8402718,8536.8387,630.3480605,564.2903682,4050.4503,696.3064,38382.6998,3274.3884,0,243.6391,722.6503,88295647,24463423,58906550,58284361,94942.66597,1.39425
Falkland Islands (Malvinas),2020,0,0,,3917.388411,5513.6247,11.48108457,2.0589,0,0,0.2104,44.3894237,0.8057,77.39365076,65.07234738,451.1962912,2005.792129,,,2098.25252,,0,0,0.5254,629,2296,1884,1863,14188.19096,1.41674443
Faroe Islands,2020,0,0,0.0192,246.4072765,236.345,0,14.5565,-0.0688,0,0.0277,6.339,17.00466279,134.4638353,12.2862,386.1925719,2005.792129,,1.2008,5.9848,1.5538,0,0,292.3947,28741,21155,27130,25285,3360.499376,0.846
Fiji,2020,0,0,0.6302,9.1924,78.9817,32,50.1842,-2649.7285,0,38.1486,175.39,3.4892,0.0002,77.2664,178.0581054,5048.117521,16.3085,21.6613,88.4703,111.6223,0,0,,395426,529489,461878,458543,3279.792426,1.216833333
Finland,2020,0,0,204.5646,622.0513988,13955.57,67,888.025,0,0,225.492,958.0173,67.5003,707.2275,668.6601,551.3175,900.7624,4946.2751,253.5949,176.647,637.8538,0,0,276.0709,808148,4771979,2731017,2798450,26106.6298,3.328833333
France,2020,2.0067,10.6677,3203.7131,208.9987,5791.4717,1013,9491.8151,-67236.84,0,5078.4729,9101.6095,312.7024,1462.8107,8838.4997,40590.1464,1480.5305,38092.8015,4951.8113,3895.5321,10826.16,0,0,11483.6779,12503199,53217966,31176177,33303876,88599.5879,2.45425
French Polynesia,2020,0,0,0.0093,246.4072765,0,1,52.0547,0,0,4.3167,47.96106633,17.00466279,134.4638353,12.9777,386.1925719,2005.792129,,2.2334,6.0568,14.7103,0,0,34.3838,110556,180188,152872,149048,2965.564242,0.836166667
Gabon,2020,214.1837,41.0826,2.9054,1.178,599.2992,12.35795103,20.6098,0,5667.5916,182.7737,54.8837,19.0104,0.0074,179.324,112.3007,2601.510068,259.1466,21.1938,52.8287,37.6321,0,41.0826,2.4397,213150,1938139,1168822,1123751,10123.34172,1.341416667
Gambia,2020,95.596,0,17.179,458.64,0,13,8.2588,0,527.7191,,114.2862,2.705,212.0336516,224.1304,267.8872835,599.4224289,10.9066,6.0538,246.3584,24.1161,0,0,15.7085,858185,1435308,1280033,1293962,2844.001264,1.83375
Georgia,2020,3.9807,18.2131,24.9842,248.061497,0,36,399.8653,0,0,617.2228,222.119,9.5282,25.897,601.3383,143.421,1145.8032,2921.2203,34.7353,578.0814,74.7439,0,0,49.8341,1580751,2317778,1771454,1994458,7155.049297,1.856833333
Germany,2020,0.0106,0,2485.4448,1463.391166,27535.4499,1080,11992.8701,-39106.2687,0,24713.2551,10645.2341,1856.1749,5352.4383,11435.7476,16373.5927,1614.8507,70887.3482,4212.8303,2279.6839,11175.2134,0,0,8195.4329,18610145,63930305,41115471,42213517,174192.7,2.45475
Ghana,2020,3758.583,291.1061,284.6526,623.6958,75.0591,269,1119.6678,-25023.2323,0,790.4135,249.2505,4.1987,2.4749,4555.5608,149.8377,356.4910169,2585.3549,144.7544,2207.7692,334.6968,0,291.1061,503.2612,13108188,17625567,16051315,16129086,-6426.298183,1.3105
Gibraltar,2020,0,0,,926.3422785,0,11.48108457,61.7916,0,0,0.2351,6.8152,3.5341,77.39365076,1.5874,451.1962912,2005.792129,,,2148.251693,,0,0,44.1416,0,35000,16337,16372,5738.562127,1.8225
Greece,2020,4.182,8.3172,171.5343,509.3021,1265.2844,225,1160.0989,0,0.0475,1093.5037,2717.7163,861.4707,542.9966,4661.6417,1515.9257,333.6754,7738.6899,336.9303,1103.9217,628.6451,0,0,175.4895,2252163,8850409,5150987,5361245,25054.373,1.397416667
Greenland,2020,0,0,,1123.938232,0,11.48108457,9.5159,-0.0926,0,0.9843,10.3056,0.0379,0.0249,2.6554,16.0073,2005.792129,,,2148.251693,,0,0,169.1985,7220,49552,29531,26496,5498.100339,1.324416667
Grenada,2020,0,0,0.0301,246.4072765,0,11.48108457,10.3842,0,0,16.2668,18.7572,17.00466279,98.42873981,33.0986,209.5877284,658.5406035,4.1428,0.9054,4.0374,0.9567,0,0,18.921,69370,39938,61916,61746,1348.950296,1.15625
Guadeloupe,2020,0,0,,1410.445506,0,13.02293351,111.28,0,44.44,16.0192,547.2245788,0.9567,174.7841647,80.66957521,512.4720191,2005.792129,,,2148.251693,,0,0,23.2097,6733,441694,179167,216476,7088.568199,1.063833333
Guam,2020,0,0,,926.3422785,0,252.7420283,2278.54161,-158.4,0,,1266.337019,643.5802313,1186.432655,6.135,2369.112862,2012.447178,,,2148.251693,,0,0,,8542,160185,85317,83914,12931.52255,1.302884531
Guatemala,2020,108.753,347.5193,121.9259,8.4672,0,295,1037.0191,-1134.3388,4404.3014,1156.6188,496.0953,20.8806,75.92072682,3255.2178,460.0363276,803.1722775,2976.554,455.0126,1693.7756,481.9996,0,325.0005,289.6458,8626519,9284293,8598279,8764440,17678.57703,1.701166667
Guinea,2020,2917.6499,92.5009,375.798,6102.359,690.4088,4,259.9086,-178.926,11439.912,37.8985,589.3127,16.6916,67.63136607,944.2294,209.5877284,356.4910169,57.439,89.5976,3955.9928,351.6123,0,89.0089,206.1236,8680170,5070656,6518034,6687118,28675.22771,1.343083333
Guinea-Bissau,2020,264.0262,224.6995,23.1506,235.2,0,2,11.0179,-5.984,1491.424,10.6909,93.662,0.6994,67.63136607,276.0834,209.5877284,356.4910169,8.9858,48.6178,411.3607,105.4041,0,224.6995,11.3691,1116462,884232,994606,1021222,4070.817011,1.71825
Guyana,2020,62.4857,31.3204,45.4717,1383.1085,3107.5865,22,96.9583,0,9744.3975,95.4405,126.4579,27.1689,2.017,188.5954,143.019748,5061.707385,167.6201,47.1594,97.1339,37.6099,0,28.7341,627.2807,578961,211821,389899,407303,21143.27353,1.359583333
Haiti,2020,1.2522,0,36.6825,177.8739,0,0,158.917,10.1875,624.4465,52.0842,3783.5973,24.28511731,67.63136607,2863.5448,220.2138566,363.1460658,104.0334,139.285,927.4986,198.1053,0,0,65.7452,4879660,6491525,5605395,5701407,9818.529806,1.442166667
Holy See,2020,,,,9649.123125,0,11.48108457,26.26266345,0,0,0.0095,0.1235,112.1355172,67.63136607,65.07234738,451.1962912,2357.644701,0.5326,,6168.325921,,0.058149493,,,0,801,250,270,18909.59677,1.670583333
Honduras,2020,428.9411,1000.1688,49.0025,13.5342,0,199,470.0093,0,5524.3634,488.3842,670.5612,242.9662,0.0286,2083.6911,177.5914984,2293.565448,817.0284,208.7165,1199.3646,196.6316,0,912.6857,111.6704,4047211,5672054,5112980,5008783,17087.90475,1.81025
Hungary,2020,0.0318,0,779.6742,23.4416,5559.7152,180,1098.8327,-4125.1814,363.1129,1247.5461,1265.0712,235.1838,229.5502,2874.0079,1991.7329,1705.5939,10072.2974,476.6324,185.2817,860.6249,0,0,1723.8716,2699487,6921767,4672507,5078065,26747.021,2.00225
Iceland,2020,0,0,0.5176,246.4072765,734.997,0,210.477,-118.654,0,0.8383,19.8014,0.4112,22.0836,165.5072,41.4644,1562.66275,2070.0802,23.9998,57.6805,50.8978,0,0,597.0829,20942,322286,188088,178582,5686.254926,0.797916667
India,2020,194.5101,1762.6228,23522.8756,133005.6,4902.237,1872,12139.414,-40537.2,0,83055.7397,49469.9424,165676.299,8327.068,156298.6848,14768.9835,26784.325,221469.6454,13530.3237,58751.7449,36984.5082,0,506.4604,2979.9994,900099113,483098640,720997448,675389679,975465.7839,0.5685
Indonesia,2020,89.1139,153.0639,4252.113,63090.8975,241025.0696,52,5939.6335,0,221405.954,48823.2252,7791.4578,455.1839,5511.8264,76723.5354,2205.8339,9405.8465,50718.5138,6298.5146,12772.8455,9861.2075,37796.1703,141.1646,1792.0351,118034441,154188546,136927582,134930389,806305.2059,1.276
Iran (Islamic Republic of),2020,169.2554,2.3396,1532.4933,2601.748,0,90,14919.873,55.6754,0,20520.0534,6432.1367,19380.8993,184.1296,16956.8298,15769.20461,3782.0546,57837.9038,2037.1423,6888.903,2083.719,0,0,14052.5612,20166625,63420504,44134884,43155308,185296.922,1.18525
Iraq,2020,315.3233,0,595.2978,797.4534,0,10,3220.309,44.3274,451.7726,5389.3344,208.2375,431.0417,6.484,11287.3583,0.3963,197.4776,7458.3917,101.9105,1903.0141,233.066,0,0,,12080190,29422695,21297577,21259406,32651.1956,1.83475
Ireland,2020,0.2932,0.9129,112.2196,596.0599447,10854.7163,73,1011.1988,-3889.1933,0,501.4198,924.5406,160.7313,199.6721,913.3418,1428.1792,549.5579012,3947.8106,1444.1426,1458.9967,3086.3685,0,0,680.9909,1776656,3111336,2450316,2495802,24054.95945,1.001916667
Isle of Man,2020,0,0,,8543.007321,20.4361,11.48108457,3.5301,,,6.9181,3.7044,17.00466279,83.78041747,8.1553,483.1260998,2005.792129,,,6155.881727,,0,0,0.8397,40458,45437,41630,42415,17343.65714,1.122
Israel,2020,0.4152,0,17.5752,257.8020209,0,133,1859.2632,0,81.7667,1399.0505,6072.4448,1804.017,84.2955,2517.4885,837.3642,160.433,11033.3239,66.9098,503.9682,106.1765,0,0,1011.8375,645956,8067603,4364252,4393238,27947.13172,1.544833333
Italy,2020,4.7179,5.7203,960.447,3207.9398,693.1777,950,6768.0101,-13613.93,0,10053.8415,17086.7508,914.7664,2608.8711,7301.3788,32993.8472,1531.7305,41018.4412,2564.2914,1889.5577,6228.9247,0,0,1226.5346,17125372,42006701,28987916,30512662,124395.0187,1.82425
Jamaica,2020,0.2815,0,0.3067,0,243.0946,58,276.7592,-98.7709,0,254.8619,247.2437,19.2245,80.4412,1261.407,122.9538,2115.634895,559.4893,38.1473,141.3963,47.5833,0,0,1118.1116,1272725,1640435,1399668,1420767,6486.165895,1.555916667
Japan,2020,1.2649,19.6038,641.2642,8510.5944,4316.2299,1307,20014.77,-37836.3333,1720.4,18575.3792,29270.0534,1359.6656,6791.5198,13310.8846,20022.8466,3200.6907,213455.1953,997.4494,1394.036,2207.2256,0,0,10859.9072,10395975,116099672,60881605,64363155,320139.6473,1.32475
Jordan,2020,0.2109,0,7.8891,246.4072765,0,14,778.4384,0,0,1171.5635,517.9974,1200.4232,10.623,2072.3285,4.0047,1153.6227,2849.7167,19.7443,394.1619,43.4223,0,0,313.0803,876059,9332603,5670775,5257947,10797.63418,1.713083333
Kazakhstan,2020,1902.416,0,1532.9443,629.4597,0,619,2543.8557,-2986.4795,2.617,8512.8909,2230.6575,821.8482,2337.1448,2301.6033,2789.6728,1178.3051,11487.1033,1158.5005,3543.9272,2313.2859,0,0,2769.019,7948258,10828881,9120059,9859184,45687.7717,2.24975
Kenya,2020,324.1245,1.9965,355.1597,55.421,155.2392,26,1170.7666,-7727.5708,0,188.181,260.9527,6.0127,92.6369041,6836.5184,17.1084,356.4910169,3286.7648,420.8674,15240.6683,1411.6964,0,0.8328,85.0477,38516638,14975059,25780698,26205082,22564.91522,1.4125
Kiribati,2020,0,0,,921.6641089,0,11.48108457,3.1939,,,1.2386,1.6041,17.00466279,67.63136607,5.1977,252.21419,1922.055614,1.3539,1.9963,0.077,7.0875,0,0,9.4599,54370,68069,61495,64968,3223.259926,1.483875
Kuwait,2020,0.0134,0,1.2247,246.4072765,0,1,1473.6719,-2.9768,0,2222.282,3772.8357,822.7619,45.5489,1739.8247,58.4678,732.1695,9794.7083,37.773,245.7306,51.0381,0,0,,0,4302875,2671060,1689384,21242.48098,1.92975
Kyrgyzstan,2020,3.3535,0,128.3709,73.4035,0,14,163.5264,-3266.8381,0,304.6301,75.011,10.4533,12.3604,791.4651,135.241,356.4910169,1042.4073,293.5778,825.1391,538.8239,0,0,33.1182,3979161,2322557,3155082,3269792,1534.534417,1.17875
Lao People's Democratic Republic,2020,472.0819,4203.0977,275.0987,2259.102,0,6,345.3879,-4409.9055,13078.9505,421.8403,1746.3759,20.7543,325.9112197,572.8259,1557.596311,363.1460658,2070.0151,402.8785,890.4046,1515.1868,0,2556.1492,182.5364,4564691,2600131,3689825,3629574,28855.4338,1.695833333
Latvia,2020,0.0723,0,215.1725,611.0203843,5224.7552,36,253.2426,-5710.5915,581.1366,122.0776,140.5778,20.6827,29.9422,512.82,164.4357,380.4351126,2696.6007,109.0236,82.0807,267.2301,0,0,108.0045,599796,1293197,877110,1019942,5844.718797,3.38225
Lebanon,2020,0.2514,0,17.2388,248.061497,0,55,732.9796,-78.5131,0,917.6041,2005.6819,489.6257,68.41215211,1656.0151,327.1101925,72.7772,2400.76,45.1393,309.9318,49.375,0,0,108.5613,666679,5353116,2748285,2914639,9426.011942,1.724333333
Lesotho,2020,4.5427,0,8.7874,246.4072765,0,1,45.849,0,0,76.013,266.699,0.7327,67.63136607,109.3424,13.8232,3750.507304,18.903,13.5463,407.2177,24.0077,0,0,,1648125,674092,1112185,1141915,5055.010047,0.900333333
Liberia,2020,9.5139,53.3991,34.6827,79.0272,124.5232,12.35795103,38.2233,-378.3634,13660.5869,,45.5376,514.8869257,212.0336516,578.3646,294.0670222,599.4224289,201.6999,36.0646,103.816,64.0173,0,52.7524,10.5534,2445292,2658561,2531454,2556131,16347.16668,1.580083333
Libya,2020,0.7433,0,23.1601,248.061497,0,13,1879.8758,0,0,2715.2515,1012.112,824.9704,121.1935234,1185.1919,334.0744431,772.3687,3474.5705,36.3988,1000.2126,90.7292,0,0,,1286402,5375771,3369959,3283983,13731.91426,1.197
Liechtenstein,2020,0,0,,8307.419096,0,11.48108457,0.1967,0,0,0.0312,1.9936,17.00466279,67.63136607,6.6731,451.1962912,1697.702099,27.4124,,2294.307917,,0.058149493,,0.58,33074,5571,19223,19534,12883.68767,2.263416667
Lithuania,2020,0.153,0,380.1735,834.5850464,9675.1756,42,607.0396,-6030.2103,696.6769,192.5915,176.3059,13.7181,23.7965,571.3516,370.0652,4524.2227,6987.9379,198.9987,130.0698,463.6923,0,0,234.4857,911492,1940986,1321199,1499068,20092.82925,3.265166667
Luxembourg,2020,0,0,7.3571,246.4072765,4.5025,2,391.861,-279.7007,0,83.6457,109.9219,2.055,66.3632,103.7584,52.7359,1641.679158,702.8821,43.202,36.0787,101.7449,0,0,8.1082,51616,552328,317202,313197,3324.602335,2.596833333
Madagascar,2020,2360.2698,586.4382,351.6437,8299.424,4360.5234,19,144.0284,0,4699.0369,37.71,146.9319,13.3026,67.63136607,3315.9082,36.8246,356.4910169,182.2231,257.8461,4078.9942,594.8085,0,283.6137,,17020546,10670252,14148424,14076752,30192.64968,1.129916667
Malawi,2020,247.1428,416.2493,259.4096,142.6155,838.4626,60,156.007,0,7068.6,25.4918,277.9949,19.1823,124.1055745,803.1549,508.9869299,1.2807,242.265,693.5943,1804.7017,1256.6071,0,329.2928,82.0158,16748855,3534836,9418758,9958303,15357.1606,1.234666667
Malaysia,2020,2.2024,16.518,157.4075,3233.8046,31843.5622,1417,6776.4169,280.3393,31414.1809,13305.3748,8341.725,428.4991,28.0716,6803.0181,11355.06498,2582.9521,31195.7211,525.6451,786.6744,875.225,2174.9709,16.518,3531.0632,7507360,25361963,16986172,16213821,157091.9552,1.689333333
Maldives,2020,0,0,0.0107,558.2250291,0,2,85.9452,0,0,42.8126,35.5689,6.8685,128.2003888,68.6161,451.1962912,1502.437948,4.0871,,2313.955884,,0,0,52.4224,272275,186634,297122,217316,5252.347041,1.223833333
Mali,2020,3635.656,1.9439,656.762,1760.1976,0,0,468.2365,-79.9333,79.9333,92.5314,421.3768,24.28511731,67.63136607,1445.5032,0.47,356.4910169,473.058,219.9628,9701.1928,936.769,0,1.9439,89.326,11377544,8906636,10718339,10505701,20353.3374,1.125916667
Malta,2020,0,0,0.1029,246.4072765,0,2,119.187,-4.5348,0,67.8461,128.1824,4.0311,2.9621,162.4851,25.33,1166.259103,426.6493,8.2011,4.486,32.4908,0,0,20.4551,22830,411533,266911,248447,2412.54058,1.616416667
Marshall Islands,2020,0,0,,1705.819818,0,11.48108457,9.9838,0,0,2.1821,1.8263,0.4717,67.63136607,2.1172,451.1962912,1664.257391,0,,2294.307917,,0,0,8.2563,11825,41426,22190,21224,6219.531269,0.64325
Martinique,2020,0,0,,1494.0204,0,12.72510151,101.2934,-132,0,,491.2204047,548.4029167,1073.241236,66.91570997,1788.878842,2005.792129,,,2148.251693,,0,0,18.7427,41862,343595,170663,199727,9617.484533,0.97525
Mauritania,2020,97.2759,0,38.0077,542.967,0,1,197.0705,-1750.9668,668.4788,183.0496,61.5061,127.1064602,67.63136607,494.9703,275.2375766,356.4910169,29.3382,57.3973,2658.5309,313.0362,0,0,211.0346,2137053,2646714,2202418,2296186,4629.16272,1.9465
Mauritius,2020,0,0,0.2029,0,0,15,114.2777,-27.717,2.6924,100.5423,1102.6093,12.3098,67.63136607,275.0469,220.2138566,5663.778054,166.0987,9.0207,55.4292,15.1815,0,0,6.8099,754784,519330,640871,656956,7799.127577,1.064083333
Mayotte,2020,0,0,,1680.010525,0,11.48108457,13.0909,2.1436,11.1534,1.3703,44.3894237,17.00466279,77.39365076,65.07234738,451.1962912,2005.792129,,,2148.251693,,0,0,10.4962,148158,124952,144766,160821,6538.846208,1.108916667
Mexico,2020,718.2563,2295.9383,1831.0614,152.8544,0,921,12473.5897,-373.6163,14821.3956,17116.737,7760.9019,2449.5262,1858.0045,55116.2221,2502.3464,782.5113,147262.7102,3097.6189,18763.6668,4190.8567,0,800.7508,10593.3629,25795617,108074410,61587451,64410851,305135.6951,1.662166667
Micronesia (Federated States of),2020,0,0,0.0218,0.6315,0,11.48108457,7.5819,-34.9327,0,1.7823,1.3151,0.3638,128.2003888,4.2463,209.5877284,4087.32231,0,2.3362,10.7926,20.9917,0,0,8.0111,83058,24716,56413,55694,4459.733111,0.8465
Monaco,2020,0,,,9009.418345,0,11.48108457,0.2024,0,0,0.0321,2.0515,17.00466279,67.63136607,4.5971,451.1962912,1762.765252,27.3455,,2294.307917,,0.058149493,,,0,39297,18095,18827,13648.09167,2.020666667
Mongolia,2020,32.0502,0.1303,35.4661,1566.411596,22300.0509,6,354.5126,-0.8294,154.2684,671.89,681.8257,78.905,337.4403486,2768.8508,1535.732656,416.6421418,655.1034,1005.6723,6019.6851,1650.2843,0,0,12.8099,1005935,2203469,1636094,1658241,40282.90234,2.048
Montenegro,2020,3.1254,5.0734,0.6735,246.4072765,18.5739,2,101.5795,0,0,90.5813,129.2704,6.7035,39.7847,189.3385,52.1709,2310.544617,1194.6746,27.931,34.1169,66.4254,0,0,11.3518,204630,424767,306615,322432,4530.326593,1.777666667
Montserrat,2020,0,0,,3917.218413,0,11.48108457,0.8785,-0.7273,0,0.6488,44.3894237,17.00466279,77.39365076,65.07234738,451.1962912,2005.792129,,,2148.251693,,0,0,0.7536,4765,478,2364,2136,8739.353295,1.0455
Morocco,2020,2.6919,7.9228,307.8428,45.3779,0,394,1901.6304,-1939.1988,0,10240.1124,700.5929,2347.3782,503.5484,5834.0123,1805.7106,2994.329,5354.3675,223.2814,4628.8209,461.9232,0,0,3226.2088,13519119,23551599,18474956,18213816,39040.5526,2.084916667
Mozambique,2020,11889.7808,17231.6189,219.4867,556.4812,0,8,365.6748,-365.6558,53193.2092,21.278,270.7428,1.8496,84.7674,2814.592,32.1532,356.4910169,2929.5295,186.0709,1505.5362,371.4117,0,5233.2505,1033.425,20330756,11978439,15293299,15884940,97939.69362,0.99475
Myanmar,2020,954.9258,14265.8003,1986.0718,29165.3165,14057.1468,375,1527.537,1552.1363,81540.3961,1617.6791,698.2622,1939.50256,25.0458,7889.7557,420.8106,457.6234,3760.7946,2994.593,6335.1752,10493.1917,6451.181,11770.7669,4690.8972,37740210,17068066,26606176,26817022,204969.6096,1.711833333
Namibia,2020,3884.9641,2.4597,13.1825,248.061497,3.7903,1,194.1767,0,10558.0035,,146.5755,1835.787996,267.0729756,182.4865,294.0670222,763.9549492,743.4957,34.4682,1479.4852,135.4797,0,0,1110.1146,1293438,1403099,1201660,1287438,21898.62664,0.645666667
Nauru,2020,0,0,,1011.444081,0,11.57649443,63.16504931,0,0,1.7185,1.1485,0.2483,4.3153,0.3914,131.5691235,860.0921649,0.5495,0.1259,0.0008,1.306,0,0,2.5817,0,11227,6266,6050,2090.232813,0.936234605
Nepal,2020,12.5715,236.8314,697.5884,4277.7722,2371.3214,9,559.4516,0,0,568.9325,1082.4911,0.3905,374.8833877,3198.1163,1544.622131,449.150668,3852.4088,640.7131,2840.031,1493.6519,0,236.0532,813.9744,24034011,6226233,13980445,15368183,25259.95549,0.327416667
Netherlands (Kingdom of the),2020,0.0106,0,133.73,877.4744455,7147.8101,205,2119.7553,-558.5872,46.5931,3607.2368,2742.6501,2785.8849,808.8279,2440.7435,6402.7183,3937.8451,20625.8048,1681.1393,831.2855,4621.7806,0,0,5611.8898,1333967,15847281,8661926,8772631,66069.59295,2.445916667
New Caledonia,2020,0.5783,0,0.4586,246.4072765,0,0,67.3446,0,30.9357,3.0279,45.3769,17.00466279,53.7088,14.7025,325.6338767,1.23,,4.2544,48.5759,26.7194,0,0,17.1243,81718,205195,142745,143657,903.0831159,1.80975
New Zealand,2020,3.1953,4.4229,60.3162,558.2250291,2441.7179,93,1571.5524,-13541.3128,1795.2337,281.5638,500.8459,312.2927,139.6443,1330.8953,1867.146,385.6874,5303.2334,409.8657,8997.8657,3957.5388,0,0,281.3005,643015,4191405,2507854,2553280,16754.23013,0.886666667
Nicaragua,2020,170.3879,212.4757,66.5765,58.0113,32.6802,213,261.4436,-978.4188,20430.0855,241.4819,318.6025,39.5515,67.63136607,1899.1427,303.9886595,356.4910169,270.0187,259.1162,2116.5823,277.4342,0,206.265,47.523,2630055,3786513,3329347,3426548,26870.07094,1.566916667
Niger,2020,182.8009,0,517.7037,103.8,0,1,119.0949,-31.6573,1275.7595,132.428,444.9317,7.923,67.63136607,2271.3992,437.0438686,356.4910169,145.0676,205.6923,9978.3875,972.78,0,0,,20072055,4002638,12342370,11991269,17188.27725,0.968666667
Nigeria,2020,2739.7588,1049.939,2185.6451,16115.4871,0,525.7733786,5686.1165,0,45991.2677,2319.8608,2079.1511,1135.022668,25.1022,32343.5506,4263.647715,417.5601,13002.9975,1120.9809,19995.9332,2871.1486,0,1049.0337,15.2108,99040175,107112526,105243174,103084231,154933.1875,1.2675
Niue,2020,0,0,,2005.210414,0,11.48108457,0.3427,-2.1793,0,0.1344,0.1375,17.00466279,67.63136607,65.07234738,209.5877284,860.0921649,0,0.1299,0.0694,1.0586,0,0,0.0929,878,754,919,1024,3235.865868,1.042538863
North Macedonia,2020,0.2248,0.6503,36.539,24.9077,0,3,229.2965,,,345.0748,382.7758,28.1692,111.8993,523.0982,272.6812,369.125883,1028.4365,74.0562,102.5247,175.4105,0,0,42.6107,866902,1221133,1052884,1058187,3750.481283,1.577916667
Northern Mariana Islands,2020,0,0,,1680.010525,0,11.48108457,2.2838,60.9307,909.5948,1.0692,35.40695888,17.00466279,77.39365076,2.0587,451.1962912,2005.792129,,,2148.251693,,0,0,10.5216,4539,50808,26631,22956,7412.995796,1.218027692
Norway,2020,0,0,76.6109,294.3329405,5432.742,12,1208.2871,-20215.008,0,47.1501,335.1141,13.3517,166.3385,484.1431,532.8962,1581.190091,11937.0806,282.4929,340.8455,597.6481,0,0,180.5459,927855,4521838,2713119,2666720,3307.761732,2.465416667
Oman,2020,0,0,7.169,246.4072765,0,16,1130.903,-3.8683,22.9753,1085.8346,2850.1877,222.8887,52.7466,453.5739,7.0926,3331.5067,14714.8608,9.2513,541.6486,64.6453,0,0,,706730,4442970,2820785,1722614,24753.82308,0.465083333
Pakistan,2020,23.0795,0,2782.7625,13073.6116,0,263,5064.0972,0,6995.417,5167.6426,2314.2946,3570.4207,294.2841,33135.9599,7234.017713,6894.7923,25093.6035,5944.9764,24572.3226,13003.0063,0,0,59.1399,130924605,77437729,114815641,112381099,155486.4284,0.39025
Palau,2020,0,0,,1639.724833,0,11.48108457,11.5416,,,2.9354,4.0181,0.6794,74.01813278,0.6473,483.1260998,2791.684228,0.515,,6250.660317,,0,0,10.7459,4267,18175,9377,8595,11281.77739,1.371
Palestine,2020,0.0737,0,3.8889,246.4072765,0,19,263.6931,,,641.7245,2661.5092,19.1763,0.2774,1128.5363,354.3770456,2012.447178,,5.5934,109.4781,11.5767,0,0,37.5042,1239153,4083476,2502621,2516780,7515.2633,1.54775
Panama,2020,28.7541,0.9718,32.5085,39.149,673.9482,61,466.147,-271.4536,3824.6318,868.6533,1073.1128,8.9813,67.63136607,1600.8653,242.0675702,1.2912,600.0125,97.5697,652.176,117.6585,0,0.9718,40.5205,1354818,2934512,2148870,2145526,10227.16864,1.502454545
Papua New Guinea,2020,65.3965,27.2155,0.8549,2.7232,21762.5708,5,152.3616,0,11465.5664,106.9086,195.3103,42.4469,67.63136607,347.0801,459.1090461,2519.142474,251.7246,90.7732,52.9357,919.9344,0,21.6543,356.1307,7587206,1168469,5039466,4710175,38912.47059,1.058333333
Paraguay,2020,2699.1516,539.5253,1114.903,705.6,0,318,858.2118,-1880.2626,47847.7947,161.8059,0.871,0.1564,0.0724,1708.8965,338.014114,356.4910169,615.5351,228.1076,5729.6399,585.9291,0,414.7585,,2672298,4394032,3323985,3294711,62343.20133,1.431916667
Peru,2020,87.3516,168.0052,339.5221,2750.1268,101.9907,193,2476.5376,-3246.9785,92892.6325,2250.9927,1232.7105,315.4907,214.8147,9473.0038,2191.248803,0.2193,6107.49,708.5567,4358.6409,1009.4219,0,124.4076,359.1904,7229699,26082479,16499432,16805323,124108.376,1.796666667
Philippines,2020,47.4959,81.8246,1589.6687,44205.7683,0,699,3119.9655,2462.1111,0,8088.8659,6685.829,1743.361,556.5742,11473.1048,4005.9432,365.0198,18937.6885,974.2553,2002.5947,3906.8139,0,45.9729,753.3788,57694793,52008603,56947945,55243033,111745.2361,1.569
Poland,2020,1.5809,4.0432,1555.8524,1443.263309,28327.1329,800,5964.1819,-45790.8,0,8045.7986,5503.1681,1233.616,2534.1934,9201.3899,10421.7316,15030.4841,56299.3523,2485.611,762.7979,4524.0439,0,0,14972.4588,15160592,22781639,18590207,19838160,123319.9002,2.60175
Portugal,2020,15.3059,121.5664,53.4754,366.0653,247.2523,163,1187.2833,0,0,2402.1741,1481.3751,150.5519,418.2116,2717.0422,1146.5948,438.015,39462.3146,535.0464,498.7708,1634.5742,0,0,138.935,3442606,6775807,4859873,5438319,53177.5543,1.897916667
Puerto Rico,2020,0,0,0.0128,0.3352,61.2394,119.6077724,1570.696312,-2691.2029,0,871.196,1975.3844,16.0977,138.1203231,1047.6328,320.8348985,10753.10239,,42.2481,160.7913,33.7501,0,0,,234336,3416272,1547842,1723723,14419.8466,1.273166667
Qatar,2020,0,0,0.0742,246.4072765,0,2,1327.1498,0,0,1259.2551,2554.3337,754.2473,813.0149,613.433,505.7605962,3910.8876,18614.295,1.5952,167.933,21.1302,0,0,1034.7599,21355,2770452,2005391,754994,31826.27677,1.706833333
Republic of Korea,2020,1.7704,5.457,281.1996,4271.4202,0,414,11225.782,-48594.3187,2795.4667,9640.4089,18716.4755,4172.0908,3348.6272,6955.0864,9668.8883,3106.6622,58445.688,776.1566,1179.7835,1852.1856,0,0,4269.021,9572865,41934110,25901551,25943140,92531.8512,1.392083333
Republic of Moldova,2020,0.3072,0.1302,94.4751,252.9215786,190.8318,92,251.7459,-4.6941,0,490.769,316.6244,37.6608,34.0102,1871.3508,353.8521,377.4078996,792.3886,157.1673,83.3509,198.2988,0,0,400.6933,2296147,1721540,1465475,1619372,5991.291778,3.018583333
Romania,2020,9.7308,9.3745,1073.8501,47.04,551.8901,139,1618.9444,-28562.1813,5094.1748,2323.3105,1017.8388,260.0176,643.6952,4060.1508,1755.0442,3439.2183,12716.7122,1080.0629,1205.9214,1872.8094,0,0,1497.03,8880997,10507365,9405845,10036193,11853.6347,2.309583333
Russian Federation,2020,5538.7853,3335.0838,8736.1337,1536.1304,52839.6553,2225,20165.7085,-622211.7411,34533.949,62575.3972,13412.3594,7390.7148,15809.3396,32948.3033,31116.8699,42289.8212,283927.2608,6879.3544,3945.2765,12348.4577,0,0,15126.9312,36300573,107486269,67643172,77974156,34468.7909,3.558083333
Rwanda,2020,28.913,0,102.982,57.9846,1675.4089,33,70.1777,-415.008,0,22.5838,179.8976,3.6387,67.63136607,3033.8637,242.3327147,356.4910169,357.3209,151.8756,863.0326,287.0622,0,0,45.8555,10805843,2281330,6423145,6723217,7165.043898,1.280638881
"Saint Helena, Ascension and Tristan da Cunha",2020,0,0,,3969.160038,0,12.23287065,1.2326,0.0755,0,,44.3894237,548.4029167,956.1571325,65.07234738,1727.603114,1809.752979,0,,2313.955884,,0,0,0.308,2472,1654,2751,2670,11448.34281,1.50925
Saint Kitts and Nevis,2020,0,0,,6622.20858,0,1,26.26266345,,,0.3147,9.63,62.49703029,67.63136607,35.2851,252.21419,1922.055614,11.0389,0.4777,2.0453,0.5563,0,0,0.3451,39290,17523,23072,24570,9013.562544,1.0455
Saint Lucia,2020,0,0,,777.9657276,0,6,22.9666,-146.3731,0,27.6168,45.6015,19.9805176,67.63136607,93.6454,209.5877284,779.5667924,49.1663,1.8355,7.1096,2.7135,0,0,7.7366,147062,34141,88826,90411,1972.750832,1.060916667
Saint Pierre and Miquelon,2020,0,0,,2559.407096,0,12.23287065,2.7634,0,1.3689,,0.0027,548.4029167,1073.241236,65.07234738,1727.603114,2005.792129,,,2128.603725,,0,0,5.6657,623,5784,2939,2966,10130.15614,1.012833333
Saint Vincent and the Grenadines,2020,0,0,0.0328,246.4072765,0,11.48108457,10.8308,-3.7462,3.7462,22.7461,12.8366,3.0455,89.98390806,36.5669,209.5877284,658.5406035,7.1286,1.0612,3.3316,1.2101,0,0,11.4035,52020,58737,53434,51199,1326.194301,1.148083333
Samoa,2020,0,0,,1011.444081,0,8,14.4092,2.3712,104.2624,5.9955,10.5424,17.00466279,67.63136607,9.1486,209.5877284,2329.417463,2.8612,5.8313,27.6314,52.9051,0,0,2.7899,164318,35799,109634,105296,3881.833502,1.3105
San Marino,2020,0,,,9009.418345,0,11.48108457,1.0153,0,0,0.2368,4.4989,17.00466279,67.63136607,6.051,451.1962912,1762.765252,20.23,,2313.955884,,0.058149493,,,846,32963,16563,17444,13665.54304,1.913083333
Sao Tome and Principe,2020,0,0,0.0332,246.4072765,0,11.48108457,4.1865,0,215.3074,3.4636,21.2261,17.00466279,89.98390806,17.4024,209.5877284,1807.613681,1.1406,3.8227,2.7226,6.5598,0,0,4.7799,55910,162101,109112,109528,2662.723141,1.57925
Saudi Arabia,2020,3.2856,0,76.2298,0,0,87,12917.0254,0,0,11230.4794,5797.2868,2905.6096,194.0699,10741.7652,6.6289,11182.5779,90044.6836,145.8458,2259.1893,294.8927,0,0,,5454064,29255576,20886852,15110254,147886.5699,1.524166667
Senegal,2020,2448.8267,88.8899,226.8173,791.3049,0,22,340.0207,354.999,3974.6667,508.9752,1008.1364,34.9948,107.8267,2422.8866,398.3424,55.7953,2780.0493,136.7013,3095.6552,408.9103,0,87.0784,421.8239,8923031,8277123,8076926,8359194,19714.701,1.727666667
Serbia,2020,0.6322,8.5874,592.4325,910.8123984,2.5151,129.0189375,952.1909,-6725.1092,6636.1258,1232.8746,1482.2436,246.7484,415.028,1726.4948,1546.1644,296.0934,14921.3281,415.7543,321.3275,1180.8475,0,0,363.7285,3790875,4913067,3527301,3830704,26655.83914,1.876166667
Seychelles,2020,0,0,,921.6641089,0,0,17.7797,0,0,6.9047,23.0834,17.00466279,67.63136607,40.0838,3.1367,779.5667924,3.1703,0.5137,1.1299,0.8652,0,0,14.8891,40804,55308,55587,49943,1897.42343,1.439166667
Sierra Leone,2020,350.988,11.3753,108.3946,1108.8209,0,11.70157481,76.5962,-113.96,3459.8392,12.7422,19.1299,1.4486,67.63136607,737.8935,209.5877284,356.4910169,50.1517,44.7885,576.4979,116.2,0,11.246,56.082,4592960,3453971,4124768,4109203,7273.646186,1.606083333
Singapore,2020,0,0,,757.7566432,0,105.8306119,678.063,-17.0128,49.6497,1389.4966,2766.3911,25.1285,65.6847,337.6596,290.4408716,2012.447178,16410.4719,6.232,8.7766,4.4444,0,0,,0,5935053,3090012,2819857,24891.4606,1.611083333
Slovakia,2020,0,0,257.5508,808.825941,64.7556,32,572.4837,-1097.3057,0,722.2945,536.1756,42.7966,455.6362,986.7522,373.8029,0.0119,6174.2002,148.7099,73.7113,270.2746,0,0,276.8269,2520712,2930688,2664671,2792010,10699.50314,2.056916667
Slovenia,2020,0,0,35.8677,248.061497,165.6156,15,383.795,-965.2655,1162.213,221.9579,228.7197,4.1745,230.8947,412.6233,210.7418,1.1634,2081.5114,117.5283,100.0632,255.3707,0,0,238.8103,934472,1147583,1062997,1054644,5148.846497,2.146583333
Solomon Islands,2020,0,0,0.2482,9.4325,0.7042,78.9145049,20.2291,45199.8485,210.0916,1.9379,108.7173,17.00466279,67.63136607,29.3455,209.5877284,6573.590239,12.528,3.0276,8.7235,27.3521,0,0,17.5732,487611,159686,353241,337950,52596.4877,1.122090909
Somalia,2020,13.872,0,25.8838,6.4719,0,11.60616495,13.3904,0,17352.1517,3.176,3.321,1.8466,67.63136607,1266.9742,431.7032812,2499.667692,41.5316,121.268,5489.0125,848.1548,0,0,5.9943,8674136,7431038,8290471,8246544,28203.6573,1.789083333
South Africa,2020,1642.525,186.5444,943.7101,8.5613,508.4824,980,4864.1303,-500.136,6661.3213,9856.2941,8363.8347,6539.3476,3813.5011,8668.6078,1058.8041,4288.897343,21403.5652,312.3827,7584.6413,877.2156,0,0.6959,8360.8888,19170340,39550889,28580784,30221143,96423.81504,0.937833333
South Sudan,2020,19420.7463,3146.4113,66.4527,301.525878,9346.4146,12.09839581,99.1641,2062.3309,0,69.6268,1296.1166,57.6494,67.63136607,372.5862,237.9027608,411.2617763,44.436,339.6294,9180.8719,706.3704,0,3081.8703,82.7706,10860946,2749061,5248072,5358155,50403.86768,0.779916667
Spain,2020,22.7195,6.1089,1548.3999,1440.2707,428.4586,648,5742.6464,-15139.749,807.8143,3005.2276,2778.1705,683.908,1972.5615,13032.7707,5912.157,3250.5027,22695.2512,3268.8997,2656.6947,11128.0717,0,0,1761.4676,8915682,37543537,23212737,24151070,67650.3522,1.977833333
Sri Lanka,2020,0.3057,0,321.5206,3185.3884,1219.3898,86,979.778,-36.0784,598.4645,1117.6317,707.7267,0.0292,0.4116,3307.1552,234.661231,356.4910169,1581.6987,82.654,262.6026,198.0343,0,0,1.9039,17138554,3945488,10466187,11248892,14205.76875,1.246166667
Sudan,2020,3641.7085,18.1405,494.534,45.915,0,118,1059.9351,0,21003.2522,1240.294,1415.9266,183.1674,15.6514,3791.0659,649.0024,363.1460658,1710.1285,523.0071,21523.7486,2220.5069,0,2.3602,961.5376,28191779,15349424,22209433,22231053,60981.02797,0.5825
Suriname,2020,8.4191,7.218,17.2957,482.8029,645.1611,11,25.3886,0,8572.7871,117.7093,95.4236,7.7015,7.3456,84.5956,131.5691235,3742.154411,56.0611,12.7201,27.4737,12.6879,0,7.218,328.6232,195577,382175,302656,304409,14401.35563,1.667416667
Sweden,2020,0,0,349.5076,839.7153707,9812.276,31,1411.8993,-44979.5867,23845.36,64.4671,445.1852,7.6901,341.8124,940.6376,623.7688,591.1888352,7002.1314,375.8608,305.0199,906.6335,0,0,1434.3997,1216924,8904762,5219047,5149922,4348.966906,3.039833333
Switzerland,2020,0,0,58.2581,483.7899058,806.5261,24,1933.1567,-3051.4225,511.0195,436.7177,1928.7874,22.95,89.9599,1413.4166,2784.5198,565.6824101,5879.4638,421.9577,322.1787,1024.7266,0,0,436.7279,2261695,6408840,4286005,4352609,16092.41632,2.40175
Syrian Arab Republic,2020,45.6741,2.7277,377.1929,1162.702914,0,35,593.9039,-332.3314,336.16,1255.3178,3416.915,522.6487,1.942,2753.6142,231.7515571,407.2115,2053.75,29.4131,1891.5056,144.2292,0,0,674.8625,8426159,10498283,10407665,10364931,15604.19127,1.894416667
Tajikistan,2020,0.8563,0,89.6874,68.6093,0,3,197.3609,-128.6548,0,250.0373,42.1475,192.4099,31.2764,1162.0586,33.8316,27.3825,2290.106,342.1041,857.7278,676.702,0,0,4.9224,6868973,2606273,4801489,4741717,6141.5652,0.686916667
Thailand,2020,316.4466,4873.8766,2437.1695,46580.7657,1026.4179,569,8987.0221,291.4707,11455.3413,13429.3147,26532.8902,194.1143,1655.367,18143.6286,18210.4281,427.2782,36448.82,989.7959,1784.5995,3163.3495,0,3984.07,8035.5047,33712543,35698325,34769467,36706197,209536.6711,1.598583333
Timor-Leste,2020,2.286,13.9322,9.0332,106.9834,0,0,12.6134,0,463.232,29.5602,300.1782,3.0672,67.63136607,92.0431,209.5877284,5798.471913,4.3929,39.2452,104.2493,172.4793,0,5.137,14.2585,948751,432649,662972,637023,7448.382107,1.87125
Togo,2020,637.8922,30.8199,113.7799,28.5617,0,37,121.1743,-328.9249,1140.876,49.362,514.1492,0.4674,28.2822,1115.5004,81.8634,356.4910169,873.0242,121.4624,821.9912,240.5026,0,30.8199,,4795827,3588464,4243063,4199517,6015.095017,1.166916667
Tokelau,2020,0,0,,757.7566432,0,137.4169596,1828.850007,0,0,,1266.337019,591.1015889,184.1803719,85.68311232,394.3124488,2012.447178,,0.049,0.0007,0.4329,0,0,,1357,0,912,915,7258.567929,1.124693409
Tonga,2020,0,0,,921.6641089,0,1,10.1843,0,0,3.4872,1.9179,0.5032,67.63136607,3.928,209.5877284,1186.928642,1.22,4.0821,9.8007,38.0329,0,0,15.0964,85389,25648,52093,53161,2475.064545,1.346166667
Trinidad and Tobago,2020,0.6606,0,0.4786,7.056,0,32,243.9954,43.5082,82.3746,428.9574,1237.2473,122.1834304,57.3588,826.3421,389.7105763,17226.0578,14752.8041,51.3357,76.6661,43.5415,0,0,71.7531,644583,733146,749174,768972,35694.03131,1.373583333
Tunisia,2020,18.4352,1.5592,120.1865,472.4379467,0,73,768.4471,-3801.4957,16.2149,2530.0606,1350.887,560.7716,293.4672,2712.0822,609.72,1416.012,3876.9548,97.7299,1458.8691,169.7241,0,0,1292.8741,3622337,8280799,6012828,6148895,14037.93775,1.897666667
Turkmenistan,2020,86.0145,0,121.4984,844.1067,0,272,905.2797,0,0,611.6159,1946.4391,3535.0067,6.5095,424.9009,1669.877141,846.8434076,3450.626,466.2716,1490.6282,819.3478,0,0,,2863841,3167354,3096157,3154282,17496.96555,0.948416667
Turks and Caicos Islands,2020,0,0,,1639.724833,0,11.48108457,16.054,0,0,7.5444,12.6757,17.00466279,67.63136607,1.3849,451.1962912,1664.257391,0.3171,,2313.955884,,0,0,11.9314,2363,34590,22325,21952,6215.159013,1.471166667
Tuvalu,2020,0,0,,2004.946254,0,11.48108457,0.3392,-0.1997,0,0.3722,0.3589,17.00466279,67.63136607,10.0966,209.5877284,860.0921649,0.0989,0.6593,0.0067,6.2681,0,0,0.4591,4138,7361,5702,5367,3189.20256,1.150166667
Uganda,2020,1252.2737,11.9043,224.6217,134.1659,5867.0162,1,388.5044,-2016.872,10472.1569,8.5602,5711.7293,0.1292,36.4939,5832.9068,242.4374,387.3282672,805.1346,436.1015,8194.6518,1006.5387,0,9.5769,551.6619,35412691,11775012,21973090,22431520,39558.02157,1.270666667
Ukraine,2020,135.7075,309.2985,3906.8596,87.808,19524.3013,723,2340.5857,-24177.538,1443.376,6708.5283,2309.8344,1351.4407,1168.3101,10366.0816,4266.7216,12269.6966,30046.8349,1572.1936,520.4327,3237.3095,0,0,3854.6922,13244602,30334632,20332123,23577544,81965.4748,2.893916667
United Arab Emirates,2020,0,0,0.6614,246.4072765,0,144.64721,3352.2069,,,2617.353,3121.5228,1746.3398,4.7427,2299.3047,6.2284,3213.8385,19844.389,18.1578,586.1483,88.1327,0,0,,1271026,8542144,6475368,2811921,37290.08049,1.182916667
United Kingdom of Great Britain and Northern Ireland,2020,1.6838,0.5218,1183.0385,1443.263309,26394.6895,281,8251.6247,-13596,0,10572.8533,7075.8256,576.9391,1718.3111,9027.9147,7852.3362,1662.7597,36955.4516,2922.8374,4315.9275,5663.9304,0,0,454.2461,10839028,56495180,33122378,33937096,112759.1543,1.319833333
United Republic of Tanzania,2020,6818.0889,5876.0538,859.0343,6905.1455,4525.5044,0,732.969,0,59156.5333,187.3797,7338.3075,56.5109,12.4396,9659.0689,5618.568019,363.1460658,2978.6,407.3889,14309.6618,1173.9801,0,3913.8565,84.6108,40661266,22113353,30475454,31229064,130976.848,1.10125
United States of America,2020,2031.3179,5405.3003,26151.6287,11846.338,50220.7454,10884,60066.4841,-331408.0367,59727.2867,88647.5223,82012.6489,28211.6338,18924.9541,50130.0109,97522.757,35822.4009,582960.6973,14593.2688,34375.597,54764.8665,0,0.2783,40802.7314,57456395,273975139,166504407,169437597,1023694.432,1.322083333
United States Virgin Islands,2020,0,0,,926.3422785,0,12.23287065,59.97612794,-165.4599,0,,34.7977,643.5802313,1073.241236,138.7843,1727.603114,2005.792129,,,2148.251693,,0,0,,4259,100599,47122,53321,8605.14178,1.237416667
Uruguay,2020,14.2534,2.7259,333.452,1099.952,191.8686,313,422.3407,-1905.2,0,252.8503,160.1404,3.6699,159.4289,1053.5351,133.2543,9.7268,748.9522,246.5972,4988.0715,439.2709,0,0,488.8571,156716,3337671,1660166,1768921,9156.7472,0.874083333
Uzbekistan,2020,14.4999,0,469.9476,291.8724,0,332.4045089,1716.3752,-3365.4919,0,8845.8474,1526.772,7461.2665,692.0229,3652.4154,1245.6516,1380.2963,13382.724,1673.8471,4066.5795,3665.5425,0,0,124.1687,16479496,16756329,16771540,16755117,47176.74161,1.14025
Vanuatu,2020,0,0,0.0681,246.4072765,0,3,17.7847,,,3.4618,49.4742,0.5639,80.60773167,13.1501,252.21419,2240.392965,4.9467,6.8425,58.3822,58.7273,0,0,14.8595,218909,75025,156782,154903,3050.883163,1.206833333
Venezuela (Bolivarian Republic of),2020,3072.1186,888.0008,110.5478,863.4286,1632.041,89,2508.0194,957.7691,39891.3821,2081.3607,4064.8804,120.7814,643.018,1173.6491,2398.130203,4969.9691,11889.2325,902.9064,6757.4177,1139.8205,0,600.3308,521.037,3888173,29284219,14113760,14376694,87274.8412,1.291833333
Viet Nam,2020,142.0985,584.6003,2604.8452,35694.0568,3832.8949,568,3658.1656,-17342.2622,0,20662.1607,7784.4144,4301.5104,2977.9596,8553.5312,14969.6733,5654.5288,57000.6059,1841.0363,3083.1127,6470.3753,497.4654,206.396,7638.46,61632897,36727248,47726158,48922527,171383.6291,1.428083333
Wallis and Futuna Islands,2020,0,0,,4112.74203,0,12.23287065,0.9194,0,0,,44.3894237,548.4029167,1073.241236,65.07234738,1727.603114,2005.792129,,,2148.251693,,0,0,1.0544,11551,0,5614,6040,11739.70156,1.232333333
Western Sahara,2020,0,0,,926.3422785,0,252.7420283,2298.021251,-104.5657,0,,1266.337019,643.5802313,1186.432655,154.4174363,2369.112862,2012.447178,,,2148.251693,,0,0,,78676,518663,307187,248862,13153.11893,2.068
Yemen,2020,0,0,42.7411,796.1961221,0,2,370.7984,0,0,1316.0689,3888.3887,563.5602102,68.41215211,3361.1612,280.1959553,387.0795749,1922.45,69.3978,2710.1936,256.7221,0,0,277.8026,18779891,11465414,16320979,15963067,16313.16841,1.320126089
Zambia,2020,13655.6268,21465.8081,205.7266,48.5218,14566.6658,75,284.439,0,19047.2568,69.9292,32.5606,41.7491,104.7042,2060.9529,209.5877284,380.6732183,1440.9758,135.8311,1902.358,319.8354,0,19808.3477,114.3543,10342892,8336381,9338613,9589102,95970.90415,0.714416667
Zimbabwe,2020,481.9027,48.4197,108.3022,7.9733,0,73,238.7639,76500.2982,10662.4408,213.9211,568.0445,350.2168,16.6754,1134.1634,307.4145,1227.240253,940.42,85.3143,2829.7457,266.7316,0,0,444.2335,11980005,5700460,7385220,8284447,96505.22185,0.189
