,Savanna fires,Forest fires,Crop Residues,Rice Cultivation,Drained organic soils (CO2),Pesticides Manufacturing,Food Transport,Forestland,Net Forest conversion,Food Household Consumption,Food Retail,On-farm Electricity Use,Food Packaging,Agrifood Systems Waste Disposal,Food Processing,Fertilizers Manufacturing,IPPU,Manure applied to Soils,Manure left on Pasture,Manure Management,Fires in organic soils,Fires in humid tropical forests,On-farm energy use,Rural population,Urban population,Total Population - Male,Total Population - Female,total_emission,Average Temperature ?Ã¸C
Afghanistan,10.8427,1902.0995154545458,427.5284,578.4156,8149.262037254901,107.6281488,545.3243,154.6574,24946.201698290606,1548.1399,630.7575,101.731,353.9306403,3597.1846,1641.652932,38.2179,341.0475,426.4361,2743.5945,785.3315,4699.6060747465,2330.091580597014,2791.277414646465,28150604.0,9904337.0,19692301.0,19279930.0,14032.42062,0.20925
Albania,2.5732,1902.0995154545458,37.9949,248.061497,105.631,8.0,262.7122,-352.0139,24946.201698290606,164.8518,186.3487,1.0559,57.0829,687.6005,73.8525,377.4078996,1386.8821,162.2118,294.4972,399.1576,4699.6060747465,2330.091580597014,307.9807,1114672.0,1827362.0,1433767.0,1433082.0,4411.888497,1.554166667
Algeria,41.1136,107.1825,361.0129,1.3171,8149.262037254901,48.0,4307.4471,-440.7773,637.8973,24237.5526,922.8476,626.6865,1884.2194,9494.9015,2528.6092,2744.6234,17426.2902,145.7414,3960.4686,369.2031,4699.6060747465,2330.091580597014,198.7563,11382345.0,31950910.0,22132899.0,21318767.0,69603.093,1.882083333
American Samoa,1415.0737959731543,1902.0995154545458,1229.5057635359117,1410.445506,8149.262037254901,11.48108457,9.6998,-50.3736,9.2257,0.7244,3.8553,17.00466279,77.39365076,2.1052,43.5977,2005.792129,34163.13001767677,980.6839290816326,2148.251693,2340.8846484693877,4699.6060747465,2330.091580597014,18.983,7169.0,48630.0,22921.0,23268.0,5708.186226,1.409833333
Andorra,1415.0737959731543,1902.0995154545458,1229.5057635359117,926.3422785,8149.262037254901,11.48108457,30.7624,-22482.466077931032,24946.201698290606,2.2314,10.2423,17.00466279,67.63136607,15.9781,451.1962912,1664.257391,36.178,980.6839290816326,2313.955884,2340.8846484693877,4699.6060747465,2330.091580597014,51.8471,9327.0,67857.0,39615.0,38084.0,5599.108259,2.388083333
Angola,24245.0015,13139.8211,214.678,66.0442,316.1237,1.0,568.2273,-22482.466077931032,35168.7283,1326.7464,253.6741,2500.235737,96.3619,2705.5988,1641.526004,922.655502,1422.7462,374.9228,2684.117,767.3734,4699.6060747465,12737.9436,34.6515,10890448.0,21936953.0,16517497.0,16910989.0,101188.177,1.129333333
Anguilla,1415.0737959731543,1902.0995154545458,1229.5057635359117,2319.753955,8149.262037254901,11.48108457,4.161,-22482.466077931032,24946.201698290606,15.5126,6.8042,1.5826,74.01813278,65.07234738,483.1260998,2791.684228,34163.13001767677,980.6839290816326,6250.660317,2340.8846484693877,4699.6060747465,2330.091580597014,6.0374,18232564.708333332,15283.0,7644.0,7941.0,12029.89396,1.139333333
Antigua and Barbuda,1415.0737959731543,1902.0995154545458,0.0005,246.4072765,8149.262037254901,1.0,21.6821,-22482.466077931032,24946.201698290606,19.3886,39.6455,6.0405,172.1797793,34.584,252.21419,1807.613681,21.4993,1.4503,4.7067,1.4491,4699.6060747465,2330.091580597014,36.4125,79428.0,25682.0,44236.0,48428.0,2666.274027,1.0455
Argentina,3569.1449,1362.1267,7405.2933,1452.752,5215.7866,7467.0,5468.9167,-27952.2907,54702.45,5230.9596,8035.158,190.6029,2140.0216,11666.4608,8932.6734,940.8151,12201.3954,1117.4751,23897.7836,2473.7841,4699.6060747465,603.3137,11909.0686,3590542.0,41919857.0,22297001.0,22739031.0,148030.6914,1.118833333
Armenia,0.7411,5.0696,20.5825,248.061497,8149.262037254901,10.0,278.0492,-22482.466077931032,36.0668,274.8616,265.5977,25.3904,54.3256,487.7668,155.3794,377.4078996,1557.0551,30.1735,370.4351,61.0266,4699.6060747465,2330.091580597014,225.3384,1078125.0,1860554.0,1265512.0,1540097.0,4483.328797,1.743583333
Aruba,1415.0737959731543,1902.0995154545458,1229.5057635359117,1410.445506,8149.262037254901,11.48108457,22.7682,-0.1222,24946.201698290606,44.8158,100.8495,16.5172,67.63136607,81.7812,451.1962912,1598.046702,3.9003,980.6839290816326,2313.955884,2340.8846484693877,4699.6060747465,2330.091580597014,16.7092,59927.0,46511.0,50211.0,56373.0,6139.976034,1.297666667
Australia,13405.8811,10985.2467,1888.7887,44.1617,2857.1293,2572.0,10125.9783,-1585.0912,1256.3833,11169.3889,8798.191,1398.484,4130.457,5460.1101,7356.1295,894.8855,31960.267,821.7866,21169.203,5197.6587,4699.6060747465,71.0245,6118.1537,3494472.0,21903705.0,12738210.0,12931840.0,146096.2174,1.183333333
Austria,0.0615,0.1302,288.8322,926.3422785,287.6804,90.0,1726.7519,-7440.2896,225.94,1110.2687,1273.7881,162.9566,676.0578,1468.4862,1248.7241,1953.627245,25895.924,567.3351,390.1849,1452.0536,4699.6060747465,2330.091580597014,913.0816,3622850.0,5159360.0,4382851.0,4524926.0,33217.93682,2.241666667
Azerbaijan,5.874,10.7919,209.8803,23.5278,8149.262037254901,11.0,743.1891,-2370.8966,454.8745,1536.6999,1392.8752,503.8283,248.7535,2212.9518,633.2309,363.1460658,1816.3035,77.1931,2082.2343,186.9892,4699.6060747465,2330.091580597014,1339.278,4403813.0,5695930.0,5077681.0,5207270.0,11481.72477,1.753
Bahamas,11.3206,25.8788,0.0262,246.4072765,8149.262037254901,4.0,46.6315,-22482.466077931032,24946.201698290606,114.4652,170.6973,38.5598,128.2003888,258.5731,209.5877284,1470.693915,12.3012,4.6283,7.0091,3.8687,4699.6060747465,25.8788,97.8904,68165.0,338674.0,194506.0,211965.0,2876.618308,1.493166667
Bahrain,1415.0737959731543,1902.0995154545458,1229.5057635359117,757.7566432,8149.262037254901,364.0317330608875,370.5881,-2.8889,24946.201698290606,734.6334,775.0726,47.5273,725.1392,535.845,6.4168,552.4964,3915.061,6.3832,37.2643,8.8252,4699.6060747465,2330.091580597014,2791.277414646465,178170.0,1519595.0,920430.0,557039.0,8470.120243,2.0125
Bangladesh,44.0457,243.22,3626.0271,31777.8679,17541.2199,309.0,1193.4932,-22482.466077931032,24946.201698290606,2794.7881,2212.5886,812.0667,32.1404,17689.1291,2978.611331,1177.8136,2413.6562,1590.4972,8717.1527,2936.7882,4699.6060747465,243.22,3697.8136,104960356.0,64814953.0,83063714.0,84357236.0,102031.1395,0.932083333
Barbados,1415.0737959731543,1902.0995154545458,0.0045,246.4072765,8149.262037254901,7.0,37.686,-1.8328,24946.201698290606,48.7303,151.3544,23.94833356,172.1797793,192.3421,209.5877284,667.2095245,80.1008,8.6579,14.4863,7.9907,4699.6060747465,2330.091580597014,6.348,197873.0,89695.0,134528.0,146165.0,1872.200842,1.261359007
Belarus,17.5912,28.2939,464.558,926.3422785,41960.7529,123.0,1185.1021,-43554.3753,24946.201698290606,1174.7608,663.9411,582.7215,310.9694,2370.9946,2001.4512,9060.3837,24885.9942,1149.0709,495.5963,2176.5643,4699.6060747465,2330.091580597014,2631.484,1931795.0,7483636.0,4445014.0,5188726.0,48655.19708,3.295833333
Belgium,0.0636,1902.0995154545458,176.0252,715.8712441,202.4971,88.0,1772.8852,-22482.466077931032,24946.201698290606,1183.7137,2570.1152,311.8539,527.1274,1206.6753,3590.0777,2012.447178,16032.4302,833.0963,430.4186,2304.8444,4699.6060747465,2330.091580597014,1789.8776,223197.0,11396775.0,5707264.0,5854453.0,35748.01982,2.539416667
Belize,18.8544,180.3561,7.0584,2.4155,173.5741,23.0,47.8531,-5.412,5036.768,67.67,38.9552,3.4234,67.63136607,171.6219,209.5877284,5602.466262,3.0012,6.4261,49.1443,8.3451,4699.6060747465,180.3561,63.4068,214825.0,183182.0,198810.0,196111.0,11956.50306,1.725583333
Benin,623.0081,58.0318,161.5645,81.9954,8149.262037254901,131.047106,693.5612,-42.8413,10753.1747,77.5548,697.4951,20.9801,22.3271,844.9004,32.2014,356.4910169,440.0347,90.2723,1430.167,208.903,4699.6060747465,58.0318,63.3154,6253682.0,5869303.0,6330776.0,6312347.0,16802.21562,1.0965
Bermuda,1415.0737959731543,1902.0995154545458,1229.5057635359117,1410.445506,8149.262037254901,1.0,8.152,-22482.466077931032,24946.201698290606,3.1485,7.164,17.00466279,83.78041747,7.18,483.1260998,2005.792129,34163.13001767677,980.6839290816326,6155.881727,2340.8846484693877,4699.6060747465,2330.091580597014,19.375,18232564.708333332,60639.0,30939.0,33092.0,10202.05004,1.217913493
Bhutan,0.1824,6.0787,6.188,40.8709,8149.262037254901,1.0,9.046,-1318.1982,24946.201698290606,33.5003,30.3382,1.045,67.63136607,114.8022,252.21419,3622.394178,1014.4078,12.3236,56.3663,31.8055,4699.6060747465,1.67,10.4727,481800.0,353445.0,409408.0,363099.0,3994.139134,1.211166667
Bolivia (Plurinational State of),2319.6517,8844.4137,409.8884,345.9714,8149.262037254901,530.0,987.6433,-318.9952,67700.9512,2922.0575,1057.9555,179.8646,6.3508,1979.1099,2012.634118,18.853,56739.1802,645.5382,5730.1217,1056.0532,4699.6060747465,8088.3621,637.7601,3449008.0,8094974.0,5992275.0,5943886.0,161893.3654,1.342833333
Bosnia and Herzegovina,12.2202,19.3914,96.5054,252.9215786,105.2068,85.0,511.9696,-1785.5422,24946.201698290606,389.7445,679.9133,42.6126,110.3675,868.7573,324.337,85.6894,2345.885,181.4678,170.3967,402.7211,4699.6060747465,2330.091580597014,141.0963,1783400.0,1714810.0,1632854.0,1685553.0,5040.661279,1.902083333
Botswana,3947.8316,1902.0995154545458,10.7882,248.061497,629.7724,1.0,242.0597,-22482.466077931032,40513.8067,274.5262,443.5377,80.499,9.0514,170.4175,133.7947,374.5234206,41.173,12.8947,588.149,47.342,4699.6060747465,2330.091580597014,571.6824,703554.0,1712212.0,1256708.0,1289694.0,48340.91112,0.229666667
Brazil,12391.0371,20461.9174,13452.4629,3051.5441,478.5922,7352.0,24813.7727,-269412.8448,653402.772,21000.3629,16052.5815,3395.6224,5355.5296,78116.2498,7269.0511,2175.6936,54902.0431,9423.6255,92630.7568,12894.4955,4699.6060747465,20333.0662,25387.5329,27645976.0,186217070.0,104779288.0,108417015.0,814927.8645,1.45925
British Virgin Islands,1415.0737959731543,1902.0995154545458,1229.5057635359117,2445.539076,8149.262037254901,12.23287065,3.8659,-22482.466077931032,24946.201698290606,7731.158550234741,9.8991,548.4029167,971.8037031,1.0815,1738.858621,2937.179815,0.7381,980.6839290816326,6250.660317,2340.8846484693877,4699.6060747465,2330.091580597014,3.8862,16802.0,15832.0,14900.0,16010.0,14924.14812,1.240333333
Brunei Darussalam,0.0667,0.8328,0.1823,4.1473,243.2925,1.0,135.3271,-17.9458,17.9458,452.9647,310.9951,80.6605,4.235,172.8995,131.5691235,5110.491179,828.5443,24.1962,34.7783,20.465,75.9824,0.8328,5.2484,96681.0,347838.0,228677.0,213048.0,7638.711202,1.772416667
Bulgaria,2.9215,1.3009,484.5497,96.824,1097.2977,114.0,730.2591,-38226.474,3247.794,850.3061,570.9577,144.6396,331.1907,1102.7656,838.5616,4.1275,4700.0974,251.8728,194.2065,417.5432,4699.6060747465,2330.091580597014,592.965,1687490.0,5253037.0,3385278.0,3593896.0,-22452.2934,2.111
Burkina Faso,870.4704,0.5175,359.4554,1282.9783,8149.262037254901,33.0,275.8122,17596.48,6504.96,298.6782,658.8551,11.0827,124.8863605,2455.7473,519.7198724,356.4910169,1610.1637,361.5762,6749.2896,1019.502,4699.6060747465,2330.091580597014,2791.277414646465,14505434.0,6397911.0,10718602.0,10804024.0,41089.66585,1.16775
Burundi,20.0799,3.1033,75.5578,92.4806,3029.9346,1.0,73.0752,-22482.466077931032,24946.201698290606,5.9729,173.9795,4.1983,67.63136607,1369.6494,209.5877284,356.4910169,83.8339,85.3995,619.5695,165.4245,4699.6060747465,2330.091580597014,32.5775,10302641.0,1636586.0,6066599.0,6153627.0,6469.546511,1.279813605
Cabo Verde,1415.0737959731543,1902.0995154545458,0.6426,246.4072765,8149.262037254901,364.0317330608875,20.7055,-62.92,24946.201698290606,22.9215,32.4685,2.4892,67.63136607,111.3068,209.5877284,779.5667924,3.8016,6.9944,31.2858,13.0744,4699.6060747465,2330.091580597014,12.6162,189200.0,378148.0,289745.0,292895.0,1498.579663,1.283089693
Cambodia,1084.5241,3478.1438,776.3911,12747.9017,8149.262037254901,139.0560473,780.6565,-2224.4618,31230.0278,1236.7263,646.8672,580.7057312,392.0872734,1734.5565,1875.072275,717.9988907,5380.0352,334.2678,778.8342,1247.4228,4699.6060747465,2100.5338,1.0679,12665049.0,4050459.0,8115527.0,8281334.0,65038.41512,1.40475
Cameroon,1437.0641,1794.3813,260.5361,533.5081,1539.4918,128.0,396.6508,-1132.78,32850.62,254.715,103.1597,16.9183,60.8224,2423.3664,61.7892,356.4910169,1578.0885,233.5945,3310.8627,563.233,4699.6060747465,1754.8108,2791.277414646465,11016661.0,14941523.0,13210626.0,13280460.0,48525.32372,1.363
Canada,48.6691,222.2592,4246.3211,1387.832116,38215.5516,1671.0,17448.9744,-80719.7361,96117.2071,7181.9268,7616.112,838.5298,3441.489,6137.5389,5677.0547,23023.1519,67410.2051,1434.005,3959.5972,7580.2227,4699.6060747465,2330.091580597014,19231.7986,6933141.0,30670064.0,18826542.0,19062163.0,232169.7102,1.317
Cayman Islands,1415.0737959731543,1902.0995154545458,1229.5057635359117,1680.010525,8149.262037254901,11.48108457,19.9489,-3.7005,24946.201698290606,6.2054,21.5157,17.00466279,77.39365076,44.7583,451.1962912,2005.792129,34163.13001767677,980.6839290816326,2148.251693,2340.8846484693877,4699.6060747465,2330.091580597014,14.3991,18232564.708333332,63890.0,33941.0,33370.0,6494.256937,1.257083333
Central African Republic,9680.2078,20522.2881,10.0646,7.0619,56.4702,1.0,25.0239,-22482.466077931032,13917.2,9.8249,292.9632,3.3667,67.63136607,581.9398,209.5877284,2601.510068,22.114,132.9745,2498.6983,347.39,4699.6060747465,19589.7677,12.7687,2844355.0,2076534.0,2672080.0,2670940.0,70589.85346,1.213916667
Chad,4224.3706,1106.4704,205.3483,370.7928,8149.262037254901,2.0,157.6256,34.474,23298.8947,109.5847,395.3071,18.0971,77.35530489,1503.6951,496.5722626,356.4910169,211.0466,337.7224,21676.2464,2420.3962,4699.6060747465,1074.2633,78.9861,12454833.0,3830260.0,8355035.0,8289666.0,58155.73998,1.242083333
Channel Islands,1415.0737959731543,1902.0995154545458,1229.5057635359117,9622.362726,8149.262037254901,258.5834852,2320.335143,-22482.466077931032,24946.201698290606,7731.158550234741,1288.539054,643.5802313,1347.034634,7.749,2369.112862,1959.051067,34163.13001767677,980.6839290816326,4380.212343,2340.8846484693877,0.058149493,2330.091580597014,2791.277414646465,115690.0,51888.0,17117100.87,16875137.39,24196.6187,1.995083333
Chile,24.3844,198.269,158.2068,163.4739,1035.6147,171.0,2721.0656,-58269.1025,24946.201698290606,2306.6971,4913.3992,385.9245,1379.2988,5519.8462,253.4017,1173.9188,5369.0616,703.3308,1870.6072,559.3494,4699.6060747465,2330.091580597014,1519.803,2267065.0,16205574.0,9579957.0,9720358.0,-27842.4498,0.927166667
China,163.8876,603.8159,33490.0741,149256.6625,3916.9002,8525.0,40641.4559,-651765.3001,24946.201698290606,466288.2007,133784.0653,90812.7922,174770.5565,210913.1157,190706.7592,136078.8907,1861640.663,27778.7258,53928.5262,60419.0966,4699.6060747465,2330.091580597014,123159.8608,554487938.0,902077760.0,743586579.0,713341908.0,3115113.748,1.574
"China, Hong Kong SAR",1415.0737959731543,1902.0995154545458,1229.5057635359117,4428.4802406470835,8149.262037254901,2.0,853.6742,-22482.466077931032,24946.201698290606,5308.8641,2473.5303,11.3554,6.6124,3006.4421,260.6861709,550.8798674,1365.9879,5.494,3.8399,28.5071,4699.6060747465,2330.091580597014,2791.277414646465,18232564.708333332,7547652.0,3462186.0,4038771.0,13877.87344,1.757833333
"China, Macao SAR",1415.0737959731543,1902.0995154545458,1229.5057635359117,764.8928096,8149.262037254901,1.0,52.6209,-22482.466077931032,24946.201698290606,37.3336,50.7223,20.3070255,67.63136607,203.0554,252.21419,1987.519001,171.0525,0.9623,1.3437,0.7746,4699.6060747465,2330.091580597014,26.2588,18232564.708333332,651875.0,317655.0,358628.0,3637.688492,1.757833333
"China, mainland",163.8876,603.8159,33384.8108,147922.6112,3916.9002,8210.0,35648.7214,-651765.3001,24946.201698290606,446192.1025,128863.1877,88981.1243,172122.9936,207703.6185,187180.8058,134613.5596,1833401.207,27481.1719,53654.8441,59298.4815,4699.6060747465,2330.091580597014,121510.5493,549472347.0,875075919.0,727993760.0,696936022.0,3039089.093,1.573416667
"China, Taiwan Province of",1415.0737959731543,1902.0995154545458,105.2633,1334.0513,8149.262037254901,313.0,4086.4396,-22482.466077931032,24946.201698290606,14749.9006,2396.625,1820.3124,2640.9508,4992.703217,3525.9536,1465.3311,26702.4153,291.0976,268.4984,1091.3334,4699.6060747465,2330.091580597014,1623.0499,5015591.0,18802314.0,11812978.0,12008487.0,67406.92552,1.67325
Colombia,1714.2445,434.0292,300.1873,3460.1613,705.5352,933.0,3419.0306,-281.4225,82452.6637,5021.634,4104.8463,161.5967,737.9302,11637.0405,5333.1846,1193.8466,9114.6907,1625.1973,11933.0027,1874.3034,4699.6060747465,409.0646,2811.7051,9328416.0,40891996.0,25139588.0,25791075.0,149095.472,1.54625
Comoros,0.0359,1902.0995154545458,3.8163,184.7888,8149.262037254901,364.0317330608875,21.8082,-22482.466077931032,59.8556,2.9963,0.7578,0.507,67.63136607,81.9532,209.5877284,3947.165091,3.7207,0.9815,36.1305,2.9439,4699.6060747465,2330.091580597014,9.6663,614114.0,255487.0,404903.0,401263.0,4634.346186,0.979416667
Congo,2025.9523,519.475,2.2975,4.0141,2934.6679,364.0317330608875,125.5491,-22482.466077931032,6750.04,99.104,82.0705,38.6504,67.63136607,351.3228,49.1325,2494.960272,316.273,12.4264,184.3637,30.9997,4699.6060747465,515.3371,98.9879,1829564.0,3857353.0,2847552.0,2854622.0,16703.25554,1.488
Cook Islands,1415.0737959731543,1902.0995154545458,1229.5057635359117,921.6641089,8149.262037254901,364.0317330608875,2.5985,-3.1136,24946.201698290606,7731.158550234741,44.3894237,0.2868,212.0336516,65.07234738,267.8872835,1005.587752,0.1966,0.7971,0.1833,8.8156,4699.6060747465,2330.091580597014,3.7349,4292.0,13223.0,8143.0,8886.0,2530.133768,0.3785
Costa Rica,11.2664,51.5873,10.7976,29.3733,68.7554,144.0,573.8743,-7441.984,24946.201698290606,151.8927,173.9142,1.9421,17.964,1533.1934,255.9401,356.4910169,1007.4459,239.8867,522.5261,127.0744,4699.6060747465,41.239,136.3211,969965.0,4074214.0,2564622.0,2558483.0,-1986.498983,1.447383259
Croatia,4.1096,13.0155,195.5378,585.2612789,9.4432,31.0,544.5098,-4809.6327,453.6125,310.7009,319.1857,26.5742,94.7247,962.4586,480.0163,1518.0761,4308.6245,179.553,140.9993,452.169,4699.6060747465,2330.091580597014,743.9866,1747114.0,2368833.0,1993655.0,2103215.0,6563.925879,1.96975
Cuba,113.8904,110.2583,36.1506,584.8326,8149.262037254901,81.87204179,476.0873,-3049.2,24946.201698290606,1392.1703,534.9977,196.818,4.3606,3724.066,179.4238,166.2302,1570.8031,210.8098,1898.7192,320.181,4699.6060747465,100.6721,3292.6104,2621644.0,8873848.0,5616818.0,5683880.0,11945.75344,1.638166667
Cyprus,0.7359,1902.0995154545458,5.7892,246.4072765,8149.262037254901,28.0,142.4977,-279.047,30.3359,131.5283,168.22,100.1513,29.964,325.8776,182.9325,378.3912027,1599.003,31.6519,94.0968,74.5493,4699.6060747465,2330.091580597014,92.5692,400589.0,806754.0,619932.0,617605.0,3383.654079,1.780833333
Czechia,1415.0737959731543,1902.0995154545458,476.7076,813.9562653,264.6027,88.0,1570.8256,-6894.22,958.8724,2655.4397,2528.5633,238.0279,630.5871,1856.6938,2270.1968,38.9437,10638.3015,402.5237,169.8262,734.3993,4699.6060747465,2330.091580597014,1327.5698,2758156.0,7875268.0,5187485.0,5343468.0,20769.81737,2.324833333
Democratic People's Republic of Korea,1.4635,2.8598,312.063,2344.4507,147.8073,22.63727994,175.1875,88.4413,3123.0745,681.2272,2093.0407,49.8065,3.8794,5924.469533,340.22429,1802.424706,11988.2748,155.9246,520.133,353.0347,4699.6060747465,2330.091580597014,1137.8519,9720959.0,16119904.0,12778255.0,13089212.0,31268.27621,1.76675
Democratic Republic of the Congo,22422.0822,30681.0753,358.9845,879.648,458.824,54.72995831,247.5917,-22482.466077931032,600789.5942,11.0499,1611.1327,0.0679,8.5781,8388.5009,0.0362,363.1460658,710.2547,105.6508,978.7149,223.157,4699.6060747465,30483.3428,2791.277414646465,48656754.0,40848447.0,46065978.0,46787187.0,698776.1618,1.6965
Denmark,1415.0737959731543,1902.0995154545458,575.5086,926.3422785,2341.3433,66.0,934.3393,-2544.3042,2260.8729,410.6139,358.3682,125.1305,102.2688,725.2877,1390.284,508.5287074,3757.8502,1019.6623,295.7444,3493.3345,4699.6060747465,2330.091580597014,222.6151,688897.0,5107903.0,2897282.0,2928360.0,16969.79049,2.60575
Djibouti,0.0133,1902.0995154545458,0.329,246.4072765,8149.262037254901,11.48108457,12.1419,0.0059,24946.201698290606,15.2445,132.9078,2.6894,67.63136607,101.0028,209.5877284,378.3912027,80.8029,3.7115,214.5644,21.5651,4699.6060747465,2330.091580597014,6.4577,219361.0,780538.0,541471.0,548686.0,1504.934858,1.459777778
Dominica,1415.0737959731543,1902.0995154545458,0.0116,246.4072765,8149.262037254901,11.48108457,5.3361,-13.9262,24946.201698290606,8.412,7.6296,2.5783,128.2003888,16.6125,209.5877284,739.0659761,0.0804,2.2907,6.3932,1.35,4699.6060747465,2330.091580597014,3.5099,21697.0,53355.0,35883.0,36112.0,1375.020554,0.971583333
Dominican Republic,3.2495,1.0453,61.5835,1445.2176,8149.262037254901,207.0,780.4834,-2161.005,603.68,1253.417,1752.9578,714.5726,217.402,4273.6837,1348.1536,363.1460658,2230.0326,397.5802,1590.14,359.4654,4699.6060747465,0.139,332.9299,1939482.0,9168876.0,5527482.0,5472181.0,15774.87417,1.416416667
Ecuador,28.2384,13.6817,151.5159,1839.7109,81.0195,563.0,1645.0231,-22482.466077931032,26042.4182,2002.2853,466.3191,1092.1666,337.381995,4571.9396,779.5777676,356.4910169,2877.1889,501.1165,1941.4416,424.1685,4699.6060747465,1.5267,417.6158,6212001.0,11123641.0,8790148.0,8798448.0,46133.82708,1.50375
Egypt,5.8815,1902.0995154545458,1230.0193,4344.9672,8149.262037254901,273.0,5539.0072,-22482.466077931032,182.8177,18238.4456,6054.1219,3834.8123,176.7411,17236.4981,2051.837824,10890.6234,36608.7495,158.8753,2987.0895,337.3524,4699.6060747465,2330.091580597014,2848.8773,58900432.0,44041052.0,54357401.0,53107732.0,112999.7171,1.237833333
El Salvador,4.5986,7.1582,56.1383,2.8687,8149.262037254901,75.0,390.8223,-61.5014,1142.5814,569.9318,267.7922,18.262,0.0549,1784.9768,1.0509,2293.565448,780.4377,84.8425,311.3455,72.6846,4699.6060747465,2.5001,226.2839,1720558.0,4758508.0,2997430.0,3295300.0,8031.394448,1.4535
Equatorial Guinea,1415.0737959731543,1.3879,1229.5057635359117,764.8928096,0.6581,11.48108457,51.6089,-22482.466077931032,3832.2797,55.3204,174.5153,10.7592,10.7785,116.8954,131.5691235,374.5234206,1203.804,0.9053,7.4275,1.7594,4699.6060747465,1.3879,67.6359,378290.0,1027990.0,844153.0,751896.0,6819.589838,1.407916667
Eritrea,24.5112,1902.0995154545458,28.9245,248.061497,8.3403,1.0,23.9376,-214.8526,656.3847,17.9067,12.9399,12.6361,67.63136607,1074.29905,209.5877284,377.4078996,113.0155,36.307,1341.2349,126.3581,4699.6060747465,2330.091580597014,19.5363,3186178.0,2246038.0,1753513.0,1802355.0,4185.167741,0.358625
Estonia,0.0788,1902.0995154545458,99.2221,306.0503793,5209.9951,19.0,209.4318,-574.0618,24946.201698290606,191.7941,338.2283,93.0675,37.269,258.8904,397.2282,5.8072,267.6245,74.5909,53.1614,189.0935,4699.6060747465,2330.091580597014,329.6538,400194.0,900365.0,629841.0,699604.0,7506.125179,3.49625
Eswatini,23.1972,7.6487,5.5623,0.5978,8149.262037254901,11.57649443,84.5021,-475.613,347.6799,61.8135,164.7429,227.685,0.0554,166.7963,339.1679,7225.017931,12.712,11.2109,298.6428,30.1924,4699.6060747465,2330.091580597014,62.3841,1091400.0,347895.0,585916.0,594739.0,8605.572625,0.81225
Ethiopia,2953.1059,1489.789,1361.037,245.1999,5622.6196,76.0,823.8699,-6342.9168,31196.0308,4.4066,73.0804,74.99197077,263.8402718,8536.8387,630.3480605,564.2903682,4050.4503,696.3064,38382.6998,3274.3884,4699.6060747465,243.6391,722.6503,88295647.0,24463423.0,58906550.0,58284361.0,94942.66597,1.39425
Falkland Islands (Malvinas),1415.0737959731543,1902.0995154545458,1229.5057635359117,3917.388411,5513.6247,11.48108457,2.0589,-22482.466077931032,24946.201698290606,0.2104,44.3894237,0.8057,77.39365076,65.07234738,451.1962912,2005.792129,34163.13001767677,980.6839290816326,2098.25252,2340.8846484693877,4699.6060747465,2330.091580597014,0.5254,629.0,2296.0,1884.0,1863.0,14188.19096,1.41674443
Faroe Islands,1415.0737959731543,1902.0995154545458,0.0192,246.4072765,236.345,364.0317330608875,14.5565,-0.0688,24946.201698290606,0.0277,6.339,17.00466279,134.4638353,12.2862,386.1925719,2005.792129,34163.13001767677,1.2008,5.9848,1.5538,4699.6060747465,2330.091580597014,292.3947,28741.0,21155.0,27130.0,25285.0,3360.499376,0.846
Fiji,1415.0737959731543,1902.0995154545458,0.6302,9.1924,78.9817,32.0,50.1842,-2649.7285,24946.201698290606,38.1486,175.39,3.4892,0.0002,77.2664,178.0581054,5048.117521,16.3085,21.6613,88.4703,111.6223,4699.6060747465,2330.091580597014,2791.277414646465,395426.0,529489.0,461878.0,458543.0,3279.792426,1.216833333
Finland,1415.0737959731543,1902.0995154545458,204.5646,622.0513988,13955.57,67.0,888.025,-22482.466077931032,24946.201698290606,225.492,958.0173,67.5003,707.2275,668.6601,551.3175,900.7624,4946.2751,253.5949,176.647,637.8538,4699.6060747465,2330.091580597014,276.0709,808148.0,4771979.0,2731017.0,2798450.0,26106.6298,3.328833333
France,2.0067,10.6677,3203.7131,208.9987,5791.4717,1013.0,9491.8151,-67236.84,24946.201698290606,5078.4729,9101.6095,312.7024,1462.8107,8838.4997,40590.1464,1480.5305,38092.8015,4951.8113,3895.5321,10826.16,4699.6060747465,2330.091580597014,11483.6779,12503199.0,53217966.0,31176177.0,33303876.0,88599.5879,2.45425
French Polynesia,1415.0737959731543,1902.0995154545458,0.0093,246.4072765,8149.262037254901,1.0,52.0547,-22482.466077931032,24946.201698290606,4.3167,47.96106633,17.00466279,134.4638353,12.9777,386.1925719,2005.792129,34163.13001767677,2.2334,6.0568,14.7103,4699.6060747465,2330.091580597014,34.3838,110556.0,180188.0,152872.0,149048.0,2965.564242,0.836166667
Gabon,214.1837,41.0826,2.9054,1.178,599.2992,12.35795103,20.6098,-22482.466077931032,5667.5916,182.7737,54.8837,19.0104,0.0074,179.324,112.3007,2601.510068,259.1466,21.1938,52.8287,37.6321,4699.6060747465,41.0826,2.4397,213150.0,1938139.0,1168822.0,1123751.0,10123.34172,1.341416667
Gambia,95.596,1902.0995154545458,17.179,458.64,8149.262037254901,13.0,8.2588,-22482.466077931032,527.7191,7731.158550234741,114.2862,2.705,212.0336516,224.1304,267.8872835,599.4224289,10.9066,6.0538,246.3584,24.1161,4699.6060747465,2330.091580597014,15.7085,858185.0,1435308.0,1280033.0,1293962.0,2844.001264,1.83375
Georgia,3.9807,18.2131,24.9842,248.061497,8149.262037254901,36.0,399.8653,-22482.466077931032,24946.201698290606,617.2228,222.119,9.5282,25.897,601.3383,143.421,1145.8032,2921.2203,34.7353,578.0814,74.7439,4699.6060747465,2330.091580597014,49.8341,1580751.0,2317778.0,1771454.0,1994458.0,7155.049297,1.856833333
Germany,0.0106,1902.0995154545458,2485.4448,1463.391166,27535.4499,1080.0,11992.8701,-39106.2687,24946.201698290606,24713.2551,10645.2341,1856.1749,5352.4383,11435.7476,16373.5927,1614.8507,70887.3482,4212.8303,2279.6839,11175.2134,4699.6060747465,2330.091580597014,8195.4329,18610145.0,63930305.0,41115471.0,42213517.0,174192.7,2.45475
Ghana,3758.583,291.1061,284.6526,623.6958,75.0591,269.0,1119.6678,-25023.2323,24946.201698290606,790.4135,249.2505,4.1987,2.4749,4555.5608,149.8377,356.4910169,2585.3549,144.7544,2207.7692,334.6968,4699.6060747465,291.1061,503.2612,13108188.0,17625567.0,16051315.0,16129086.0,-6426.298183,1.3105
Gibraltar,1415.0737959731543,1902.0995154545458,1229.5057635359117,926.3422785,8149.262037254901,11.48108457,61.7916,-22482.466077931032,24946.201698290606,0.2351,6.8152,3.5341,77.39365076,1.5874,451.1962912,2005.792129,34163.13001767677,980.6839290816326,2148.251693,2340.8846484693877,4699.6060747465,2330.091580597014,44.1416,18232564.708333332,35000.0,16337.0,16372.0,5738.562127,1.8225
Greece,4.182,8.3172,171.5343,509.3021,1265.2844,225.0,1160.0989,-22482.466077931032,0.0475,1093.5037,2717.7163,861.4707,542.9966,4661.6417,1515.9257,333.6754,7738.6899,336.9303,1103.9217,628.6451,4699.6060747465,2330.091580597014,175.4895,2252163.0,8850409.0,5150987.0,5361245.0,25054.373,1.397416667
Greenland,1415.0737959731543,1902.0995154545458,1229.5057635359117,1123.938232,8149.262037254901,11.48108457,9.5159,-0.0926,24946.201698290606,0.9843,10.3056,0.0379,0.0249,2.6554,16.0073,2005.792129,34163.13001767677,980.6839290816326,2148.251693,2340.8846484693877,4699.6060747465,2330.091580597014,169.1985,7220.0,49552.0,29531.0,26496.0,5498.100339,1.324416667
Grenada,1415.0737959731543,1902.0995154545458,0.0301,246.4072765,8149.262037254901,11.48108457,10.3842,-22482.466077931032,24946.201698290606,16.2668,18.7572,17.00466279,98.42873981,33.0986,209.5877284,658.5406035,4.1428,0.9054,4.0374,0.9567,4699.6060747465,2330.091580597014,18.921,69370.0,39938.0,61916.0,61746.0,1348.950296,1.15625
Guadeloupe,1415.0737959731543,1902.0995154545458,1229.5057635359117,1410.445506,8149.262037254901,13.02293351,111.28,-22482.466077931032,44.44,16.0192,547.2245788,0.9567,174.7841647,80.66957521,512.4720191,2005.792129,34163.13001767677,980.6839290816326,2148.251693,2340.8846484693877,4699.6060747465,2330.091580597014,23.2097,6733.0,441694.0,179167.0,216476.0,7088.568199,1.063833333
Guam,1415.0737959731543,1902.0995154545458,1229.5057635359117,926.3422785,8149.262037254901,252.7420283,2278.54161,-158.4,24946.201698290606,7731.158550234741,1266.337019,643.5802313,1186.432655,6.135,2369.112862,2012.447178,34163.13001767677,980.6839290816326,2148.251693,2340.8846484693877,4699.6060747465,2330.091580597014,2791.277414646465,8542.0,160185.0,85317.0,83914.0,12931.52255,1.302884531
Guatemala,108.753,347.5193,121.9259,8.4672,8149.262037254901,295.0,1037.0191,-1134.3388,4404.3014,1156.6188,496.0953,20.8806,75.92072682,3255.2178,460.0363276,803.1722775,2976.554,455.0126,1693.7756,481.9996,4699.6060747465,325.0005,289.6458,8626519.0,9284293.0,8598279.0,8764440.0,17678.57703,1.701166667
Guinea,2917.6499,92.5009,375.798,6102.359,690.4088,4.0,259.9086,-178.926,11439.912,37.8985,589.3127,16.6916,67.63136607,944.2294,209.5877284,356.4910169,57.439,89.5976,3955.9928,351.6123,4699.6060747465,89.0089,206.1236,8680170.0,5070656.0,6518034.0,6687118.0,28675.22771,1.343083333
Guinea-Bissau,264.0262,224.6995,23.1506,235.2,8149.262037254901,2.0,11.0179,-5.984,1491.424,10.6909,93.662,0.6994,67.63136607,276.0834,209.5877284,356.4910169,8.9858,48.6178,411.3607,105.4041,4699.6060747465,224.6995,11.3691,1116462.0,884232.0,994606.0,1021222.0,4070.817011,1.71825
Guyana,62.4857,31.3204,45.4717,1383.1085,3107.5865,22.0,96.9583,-22482.466077931032,9744.3975,95.4405,126.4579,27.1689,2.017,188.5954,143.019748,5061.707385,167.6201,47.1594,97.1339,37.6099,4699.6060747465,28.7341,627.2807,578961.0,211821.0,389899.0,407303.0,21143.27353,1.359583333
Haiti,1.2522,1902.0995154545458,36.6825,177.8739,8149.262037254901,364.0317330608875,158.917,10.1875,624.4465,52.0842,3783.5973,24.28511731,67.63136607,2863.5448,220.2138566,363.1460658,104.0334,139.285,927.4986,198.1053,4699.6060747465,2330.091580597014,65.7452,4879660.0,6491525.0,5605395.0,5701407.0,9818.529806,1.442166667
Holy See,1415.0737959731543,1902.0995154545458,1229.5057635359117,9649.123125,8149.262037254901,11.48108457,26.26266345,-22482.466077931032,24946.201698290606,0.0095,0.1235,112.1355172,67.63136607,65.07234738,451.1962912,2357.644701,0.5326,980.6839290816326,6168.325921,2340.8846484693877,0.058149493,2330.091580597014,2791.277414646465,18232564.708333332,801.0,250.0,270.0,18909.59677,1.670583333
Honduras,428.9411,1000.1688,49.0025,13.5342,8149.262037254901,199.0,470.0093,-22482.466077931032,5524.3634,488.3842,670.5612,242.9662,0.0286,2083.6911,177.5914984,2293.565448,817.0284,208.7165,1199.3646,196.6316,4699.6060747465,912.6857,111.6704,4047211.0,5672054.0,5112980.0,5008783.0,17087.90475,1.81025
Hungary,0.0318,1902.0995154545458,779.6742,23.4416,5559.7152,180.0,1098.8327,-4125.1814,363.1129,1247.5461,1265.0712,235.1838,229.5502,2874.0079,1991.7329,1705.5939,10072.2974,476.6324,185.2817,860.6249,4699.6060747465,2330.091580597014,1723.8716,2699487.0,6921767.0,4672507.0,5078065.0,26747.021,2.00225
Iceland,1415.0737959731543,1902.0995154545458,0.5176,246.4072765,734.997,364.0317330608875,210.477,-118.654,24946.201698290606,0.8383,19.8014,0.4112,22.0836,165.5072,41.4644,1562.66275,2070.0802,23.9998,57.6805,50.8978,4699.6060747465,2330.091580597014,597.0829,20942.0,322286.0,188088.0,178582.0,5686.254926,0.797916667
India,194.5101,1762.6228,23522.8756,133005.6,4902.237,1872.0,12139.414,-40537.2,24946.201698290606,83055.7397,49469.9424,165676.299,8327.068,156298.6848,14768.9835,26784.325,221469.6454,13530.3237,58751.7449,36984.5082,4699.6060747465,506.4604,2979.9994,900099113.0,483098640.0,720997448.0,675389679.0,975465.7839,0.5685
Indonesia,89.1139,153.0639,4252.113,63090.8975,241025.0696,52.0,5939.6335,-22482.466077931032,221405.954,48823.2252,7791.4578,455.1839,5511.8264,76723.5354,2205.8339,9405.8465,50718.5138,6298.5146,12772.8455,9861.2075,37796.1703,141.1646,1792.0351,118034441.0,154188546.0,136927582.0,134930389.0,806305.2059,1.276
Iran (Islamic Republic of),169.2554,2.3396,1532.4933,2601.748,8149.262037254901,90.0,14919.873,55.6754,24946.201698290606,20520.0534,6432.1367,19380.8993,184.1296,16956.8298,15769.20461,3782.0546,57837.9038,2037.1423,6888.903,2083.719,4699.6060747465,2330.091580597014,14052.5612,20166625.0,63420504.0,44134884.0,43155308.0,185296.922,1.18525
Iraq,315.3233,1902.0995154545458,595.2978,797.4534,8149.262037254901,10.0,3220.309,44.3274,451.7726,5389.3344,208.2375,431.0417,6.484,11287.3583,0.3963,197.4776,7458.3917,101.9105,1903.0141,233.066,4699.6060747465,2330.091580597014,2791.277414646465,12080190.0,29422695.0,21297577.0,21259406.0,32651.1956,1.83475
Ireland,0.2932,0.9129,112.2196,596.0599447,10854.7163,73.0,1011.1988,-3889.1933,24946.201698290606,501.4198,924.5406,160.7313,199.6721,913.3418,1428.1792,549.5579012,3947.8106,1444.1426,1458.9967,3086.3685,4699.6060747465,2330.091580597014,680.9909,1776656.0,3111336.0,2450316.0,2495802.0,24054.95945,1.001916667
Isle of Man,1415.0737959731543,1902.0995154545458,1229.5057635359117,8543.007321,20.4361,11.48108457,3.5301,-22482.466077931032,24946.201698290606,6.9181,3.7044,17.00466279,83.78041747,8.1553,483.1260998,2005.792129,34163.13001767677,980.6839290816326,6155.881727,2340.8846484693877,4699.6060747465,2330.091580597014,0.8397,40458.0,45437.0,41630.0,42415.0,17343.65714,1.122
Israel,0.4152,1902.0995154545458,17.5752,257.8020209,8149.262037254901,133.0,1859.2632,-22482.466077931032,81.7667,1399.0505,6072.4448,1804.017,84.2955,2517.4885,837.3642,160.433,11033.3239,66.9098,503.9682,106.1765,4699.6060747465,2330.091580597014,1011.8375,645956.0,8067603.0,4364252.0,4393238.0,27947.13172,1.544833333
Italy,4.7179,5.7203,960.447,3207.9398,693.1777,950.0,6768.0101,-13613.93,24946.201698290606,10053.8415,17086.7508,914.7664,2608.8711,7301.3788,32993.8472,1531.7305,41018.4412,2564.2914,1889.5577,6228.9247,4699.6060747465,2330.091580597014,1226.5346,17125372.0,42006701.0,28987916.0,30512662.0,124395.0187,1.82425
Jamaica,0.2815,1902.0995154545458,0.3067,4428.4802406470835,243.0946,58.0,276.7592,-98.7709,24946.201698290606,254.8619,247.2437,19.2245,80.4412,1261.407,122.9538,2115.634895,559.4893,38.1473,141.3963,47.5833,4699.6060747465,2330.091580597014,1118.1116,1272725.0,1640435.0,1399668.0,1420767.0,6486.165895,1.555916667
Japan,1.2649,19.6038,641.2642,8510.5944,4316.2299,1307.0,20014.77,-37836.3333,1720.4,18575.3792,29270.0534,1359.6656,6791.5198,13310.8846,20022.8466,3200.6907,213455.1953,997.4494,1394.036,2207.2256,4699.6060747465,2330.091580597014,10859.9072,10395975.0,116099672.0,60881605.0,64363155.0,320139.6473,1.32475
Jordan,0.2109,1902.0995154545458,7.8891,246.4072765,8149.262037254901,14.0,778.4384,-22482.466077931032,24946.201698290606,1171.5635,517.9974,1200.4232,10.623,2072.3285,4.0047,1153.6227,2849.7167,19.7443,394.1619,43.4223,4699.6060747465,2330.091580597014,313.0803,876059.0,9332603.0,5670775.0,5257947.0,10797.63418,1.713083333
Kazakhstan,1902.416,1902.0995154545458,1532.9443,629.4597,8149.262037254901,619.0,2543.8557,-2986.4795,2.617,8512.8909,2230.6575,821.8482,2337.1448,2301.6033,2789.6728,1178.3051,11487.1033,1158.5005,3543.9272,2313.2859,4699.6060747465,2330.091580597014,2769.019,7948258.0,10828881.0,9120059.0,9859184.0,45687.7717,2.24975
Kenya,324.1245,1.9965,355.1597,55.421,155.2392,26.0,1170.7666,-7727.5708,24946.201698290606,188.181,260.9527,6.0127,92.6369041,6836.5184,17.1084,356.4910169,3286.7648,420.8674,15240.6683,1411.6964,4699.6060747465,0.8328,85.0477,38516638.0,14975059.0,25780698.0,26205082.0,22564.91522,1.4125
Kiribati,1415.0737959731543,1902.0995154545458,1229.5057635359117,921.6641089,8149.262037254901,11.48108457,3.1939,-22482.466077931032,24946.201698290606,1.2386,1.6041,17.00466279,67.63136607,5.1977,252.21419,1922.055614,1.3539,1.9963,0.077,7.0875,4699.6060747465,2330.091580597014,9.4599,54370.0,68069.0,61495.0,64968.0,3223.259926,1.483875
Kuwait,0.0134,1902.0995154545458,1.2247,246.4072765,8149.262037254901,1.0,1473.6719,-2.9768,24946.201698290606,2222.282,3772.8357,822.7619,45.5489,1739.8247,58.4678,732.1695,9794.7083,37.773,245.7306,51.0381,4699.6060747465,2330.091580597014,2791.277414646465,18232564.708333332,4302875.0,2671060.0,1689384.0,21242.48098,1.92975
Kyrgyzstan,3.3535,1902.0995154545458,128.3709,73.4035,8149.262037254901,14.0,163.5264,-3266.8381,24946.201698290606,304.6301,75.011,10.4533,12.3604,791.4651,135.241,356.4910169,1042.4073,293.5778,825.1391,538.8239,4699.6060747465,2330.091580597014,33.1182,3979161.0,2322557.0,3155082.0,3269792.0,1534.534417,1.17875
Lao People's Democratic Republic,472.0819,4203.0977,275.0987,2259.102,8149.262037254901,6.0,345.3879,-4409.9055,13078.9505,421.8403,1746.3759,20.7543,325.9112197,572.8259,1557.596311,363.1460658,2070.0151,402.8785,890.4046,1515.1868,4699.6060747465,2556.1492,182.5364,4564691.0,2600131.0,3689825.0,3629574.0,28855.4338,1.695833333
Latvia,0.0723,1902.0995154545458,215.1725,611.0203843,5224.7552,36.0,253.2426,-5710.5915,581.1366,122.0776,140.5778,20.6827,29.9422,512.82,164.4357,380.4351126,2696.6007,109.0236,82.0807,267.2301,4699.6060747465,2330.091580597014,108.0045,599796.0,1293197.0,877110.0,1019942.0,5844.718797,3.38225
Lebanon,0.2514,1902.0995154545458,17.2388,248.061497,8149.262037254901,55.0,732.9796,-78.5131,24946.201698290606,917.6041,2005.6819,489.6257,68.41215211,1656.0151,327.1101925,72.7772,2400.76,45.1393,309.9318,49.375,4699.6060747465,2330.091580597014,108.5613,666679.0,5353116.0,2748285.0,2914639.0,9426.011942,1.724333333
Lesotho,4.5427,1902.0995154545458,8.7874,246.4072765,8149.262037254901,1.0,45.849,-22482.466077931032,24946.201698290606,76.013,266.699,0.7327,67.63136607,109.3424,13.8232,3750.507304,18.903,13.5463,407.2177,24.0077,4699.6060747465,2330.091580597014,2791.277414646465,1648125.0,674092.0,1112185.0,1141915.0,5055.010047,0.900333333
Liberia,9.5139,53.3991,34.6827,79.0272,124.5232,12.35795103,38.2233,-378.3634,13660.5869,7731.158550234741,45.5376,514.8869257,212.0336516,578.3646,294.0670222,599.4224289,201.6999,36.0646,103.816,64.0173,4699.6060747465,52.7524,10.5534,2445292.0,2658561.0,2531454.0,2556131.0,16347.16668,1.580083333
Libya,0.7433,1902.0995154545458,23.1601,248.061497,8149.262037254901,13.0,1879.8758,-22482.466077931032,24946.201698290606,2715.2515,1012.112,824.9704,121.1935234,1185.1919,334.0744431,772.3687,3474.5705,36.3988,1000.2126,90.7292,4699.6060747465,2330.091580597014,2791.277414646465,1286402.0,5375771.0,3369959.0,3283983.0,13731.91426,1.197
Liechtenstein,1415.0737959731543,1902.0995154545458,1229.5057635359117,8307.419096,8149.262037254901,11.48108457,0.1967,-22482.466077931032,24946.201698290606,0.0312,1.9936,17.00466279,67.63136607,6.6731,451.1962912,1697.702099,27.4124,980.6839290816326,2294.307917,2340.8846484693877,0.058149493,2330.091580597014,0.58,33074.0,5571.0,19223.0,19534.0,12883.68767,2.263416667
Lithuania,0.153,1902.0995154545458,380.1735,834.5850464,9675.1756,42.0,607.0396,-6030.2103,696.6769,192.5915,176.3059,13.7181,23.7965,571.3516,370.0652,4524.2227,6987.9379,198.9987,130.0698,463.6923,4699.6060747465,2330.091580597014,234.4857,911492.0,1940986.0,1321199.0,1499068.0,20092.82925,3.265166667
Luxembourg,1415.0737959731543,1902.0995154545458,7.3571,246.4072765,4.5025,2.0,391.861,-279.7007,24946.201698290606,83.6457,109.9219,2.055,66.3632,103.7584,52.7359,1641.679158,702.8821,43.202,36.0787,101.7449,4699.6060747465,2330.091580597014,8.1082,51616.0,552328.0,317202.0,313197.0,3324.602335,2.596833333
Madagascar,2360.2698,586.4382,351.6437,8299.424,4360.5234,19.0,144.0284,-22482.466077931032,4699.0369,37.71,146.9319,13.3026,67.63136607,3315.9082,36.8246,356.4910169,182.2231,257.8461,4078.9942,594.8085,4699.6060747465,283.6137,2791.277414646465,17020546.0,10670252.0,14148424.0,14076752.0,30192.64968,1.129916667
Malawi,247.1428,416.2493,259.4096,142.6155,838.4626,60.0,156.007,-22482.466077931032,7068.6,25.4918,277.9949,19.1823,124.1055745,803.1549,508.9869299,1.2807,242.265,693.5943,1804.7017,1256.6071,4699.6060747465,329.2928,82.0158,16748855.0,3534836.0,9418758.0,9958303.0,15357.1606,1.234666667
Malaysia,2.2024,16.518,157.4075,3233.8046,31843.5622,1417.0,6776.4169,280.3393,31414.1809,13305.3748,8341.725,428.4991,28.0716,6803.0181,11355.06498,2582.9521,31195.7211,525.6451,786.6744,875.225,2174.9709,16.518,3531.0632,7507360.0,25361963.0,16986172.0,16213821.0,157091.9552,1.689333333
Maldives,1415.0737959731543,1902.0995154545458,0.0107,558.2250291,8149.262037254901,2.0,85.9452,-22482.466077931032,24946.201698290606,42.8126,35.5689,6.8685,128.2003888,68.6161,451.1962912,1502.437948,4.0871,980.6839290816326,2313.955884,2340.8846484693877,4699.6060747465,2330.091580597014,52.4224,272275.0,186634.0,297122.0,217316.0,5252.347041,1.223833333
Mali,3635.656,1.9439,656.762,1760.1976,8149.262037254901,364.0317330608875,468.2365,-79.9333,79.9333,92.5314,421.3768,24.28511731,67.63136607,1445.5032,0.47,356.4910169,473.058,219.9628,9701.1928,936.769,4699.6060747465,1.9439,89.326,11377544.0,8906636.0,10718339.0,10505701.0,20353.3374,1.125916667
Malta,1415.0737959731543,1902.0995154545458,0.1029,246.4072765,8149.262037254901,2.0,119.187,-4.5348,24946.201698290606,67.8461,128.1824,4.0311,2.9621,162.4851,25.33,1166.259103,426.6493,8.2011,4.486,32.4908,4699.6060747465,2330.091580597014,20.4551,22830.0,411533.0,266911.0,248447.0,2412.54058,1.616416667
Marshall Islands,1415.0737959731543,1902.0995154545458,1229.5057635359117,1705.819818,8149.262037254901,11.48108457,9.9838,-22482.466077931032,24946.201698290606,2.1821,1.8263,0.4717,67.63136607,2.1172,451.1962912,1664.257391,34163.13001767677,980.6839290816326,2294.307917,2340.8846484693877,4699.6060747465,2330.091580597014,8.2563,11825.0,41426.0,22190.0,21224.0,6219.531269,0.64325
Martinique,1415.0737959731543,1902.0995154545458,1229.5057635359117,1494.0204,8149.262037254901,12.72510151,101.2934,-132.0,24946.201698290606,7731.158550234741,491.2204047,548.4029167,1073.241236,66.91570997,1788.878842,2005.792129,34163.13001767677,980.6839290816326,2148.251693,2340.8846484693877,4699.6060747465,2330.091580597014,18.7427,41862.0,343595.0,170663.0,199727.0,9617.484533,0.97525
Mauritania,97.2759,1902.0995154545458,38.0077,542.967,8149.262037254901,1.0,197.0705,-1750.9668,668.4788,183.0496,61.5061,127.1064602,67.63136607,494.9703,275.2375766,356.4910169,29.3382,57.3973,2658.5309,313.0362,4699.6060747465,2330.091580597014,211.0346,2137053.0,2646714.0,2202418.0,2296186.0,4629.16272,1.9465
Mauritius,1415.0737959731543,1902.0995154545458,0.2029,4428.4802406470835,8149.262037254901,15.0,114.2777,-27.717,2.6924,100.5423,1102.6093,12.3098,67.63136607,275.0469,220.2138566,5663.778054,166.0987,9.0207,55.4292,15.1815,4699.6060747465,2330.091580597014,6.8099,754784.0,519330.0,640871.0,656956.0,7799.127577,1.064083333
Mayotte,1415.0737959731543,1902.0995154545458,1229.5057635359117,1680.010525,8149.262037254901,11.48108457,13.0909,2.1436,11.1534,1.3703,44.3894237,17.00466279,77.39365076,65.07234738,451.1962912,2005.792129,34163.13001767677,980.6839290816326,2148.251693,2340.8846484693877,4699.6060747465,2330.091580597014,10.4962,148158.0,124952.0,144766.0,160821.0,6538.846208,1.108916667
Mexico,718.2563,2295.9383,1831.0614,152.8544,8149.262037254901,921.0,12473.5897,-373.6163,14821.3956,17116.737,7760.9019,2449.5262,1858.0045,55116.2221,2502.3464,782.5113,147262.7102,3097.6189,18763.6668,4190.8567,4699.6060747465,800.7508,10593.3629,25795617.0,108074410.0,61587451.0,64410851.0,305135.6951,1.662166667
Micronesia (Federated States of),1415.0737959731543,1902.0995154545458,0.0218,0.6315,8149.262037254901,11.48108457,7.5819,-34.9327,24946.201698290606,1.7823,1.3151,0.3638,128.2003888,4.2463,209.5877284,4087.32231,34163.13001767677,2.3362,10.7926,20.9917,4699.6060747465,2330.091580597014,8.0111,83058.0,24716.0,56413.0,55694.0,4459.733111,0.8465
Monaco,1415.0737959731543,1902.0995154545458,1229.5057635359117,9009.418345,8149.262037254901,11.48108457,0.2024,-22482.466077931032,24946.201698290606,0.0321,2.0515,17.00466279,67.63136607,4.5971,451.1962912,1762.765252,27.3455,980.6839290816326,2294.307917,2340.8846484693877,0.058149493,2330.091580597014,2791.277414646465,18232564.708333332,39297.0,18095.0,18827.0,13648.09167,2.020666667
Mongolia,32.0502,0.1303,35.4661,1566.411596,22300.0509,6.0,354.5126,-0.8294,154.2684,671.89,681.8257,78.905,337.4403486,2768.8508,1535.732656,416.6421418,655.1034,1005.6723,6019.6851,1650.2843,4699.6060747465,2330.091580597014,12.8099,1005935.0,2203469.0,1636094.0,1658241.0,40282.90234,2.048
Montenegro,3.1254,5.0734,0.6735,246.4072765,18.5739,2.0,101.5795,-22482.466077931032,24946.201698290606,90.5813,129.2704,6.7035,39.7847,189.3385,52.1709,2310.544617,1194.6746,27.931,34.1169,66.4254,4699.6060747465,2330.091580597014,11.3518,204630.0,424767.0,306615.0,322432.0,4530.326593,1.777666667
Montserrat,1415.0737959731543,1902.0995154545458,1229.5057635359117,3917.218413,8149.262037254901,11.48108457,0.8785,-0.7273,24946.201698290606,0.6488,44.3894237,17.00466279,77.39365076,65.07234738,451.1962912,2005.792129,34163.13001767677,980.6839290816326,2148.251693,2340.8846484693877,4699.6060747465,2330.091580597014,0.7536,4765.0,478.0,2364.0,2136.0,8739.353295,1.0455
Morocco,2.6919,7.9228,307.8428,45.3779,8149.262037254901,394.0,1901.6304,-1939.1988,24946.201698290606,10240.1124,700.5929,2347.3782,503.5484,5834.0123,1805.7106,2994.329,5354.3675,223.2814,4628.8209,461.9232,4699.6060747465,2330.091580597014,3226.2088,13519119.0,23551599.0,18474956.0,18213816.0,39040.5526,2.084916667
Mozambique,11889.7808,17231.6189,219.4867,556.4812,8149.262037254901,8.0,365.6748,-365.6558,53193.2092,21.278,270.7428,1.8496,84.7674,2814.592,32.1532,356.4910169,2929.5295,186.0709,1505.5362,371.4117,4699.6060747465,5233.2505,1033.425,20330756.0,11978439.0,15293299.0,15884940.0,97939.69362,0.99475
Myanmar,954.9258,14265.8003,1986.0718,29165.3165,14057.1468,375.0,1527.537,1552.1363,81540.3961,1617.6791,698.2622,1939.50256,25.0458,7889.7557,420.8106,457.6234,3760.7946,2994.593,6335.1752,10493.1917,6451.181,11770.7669,4690.8972,37740210.0,17068066.0,26606176.0,26817022.0,204969.6096,1.711833333
Namibia,3884.9641,2.4597,13.1825,248.061497,3.7903,1.0,194.1767,-22482.466077931032,10558.0035,7731.158550234741,146.5755,1835.787996,267.0729756,182.4865,294.0670222,763.9549492,743.4957,34.4682,1479.4852,135.4797,4699.6060747465,2330.091580597014,1110.1146,1293438.0,1403099.0,1201660.0,1287438.0,21898.62664,0.645666667
Nauru,1415.0737959731543,1902.0995154545458,1229.5057635359117,1011.444081,8149.262037254901,11.57649443,63.16504931,-22482.466077931032,24946.201698290606,1.7185,1.1485,0.2483,4.3153,0.3914,131.5691235,860.0921649,0.5495,0.1259,0.0008,1.306,4699.6060747465,2330.091580597014,2.5817,18232564.708333332,11227.0,6266.0,6050.0,2090.232813,0.936234605
Nepal,12.5715,236.8314,697.5884,4277.7722,2371.3214,9.0,559.4516,-22482.466077931032,24946.201698290606,568.9325,1082.4911,0.3905,374.8833877,3198.1163,1544.622131,449.150668,3852.4088,640.7131,2840.031,1493.6519,4699.6060747465,236.0532,813.9744,24034011.0,6226233.0,13980445.0,15368183.0,25259.95549,0.327416667
Netherlands (Kingdom of the),0.0106,1902.0995154545458,133.73,877.4744455,7147.8101,205.0,2119.7553,-558.5872,46.5931,3607.2368,2742.6501,2785.8849,808.8279,2440.7435,6402.7183,3937.8451,20625.8048,1681.1393,831.2855,4621.7806,4699.6060747465,2330.091580597014,5611.8898,1333967.0,15847281.0,8661926.0,8772631.0,66069.59295,2.445916667
New Caledonia,0.5783,1902.0995154545458,0.4586,246.4072765,8149.262037254901,364.0317330608875,67.3446,-22482.466077931032,30.9357,3.0279,45.3769,17.00466279,53.7088,14.7025,325.6338767,1.23,34163.13001767677,4.2544,48.5759,26.7194,4699.6060747465,2330.091580597014,17.1243,81718.0,205195.0,142745.0,143657.0,903.0831159,1.80975
New Zealand,3.1953,4.4229,60.3162,558.2250291,2441.7179,93.0,1571.5524,-13541.3128,1795.2337,281.5638,500.8459,312.2927,139.6443,1330.8953,1867.146,385.6874,5303.2334,409.8657,8997.8657,3957.5388,4699.6060747465,2330.091580597014,281.3005,643015.0,4191405.0,2507854.0,2553280.0,16754.23013,0.886666667
Nicaragua,170.3879,212.4757,66.5765,58.0113,32.6802,213.0,261.4436,-978.4188,20430.0855,241.4819,318.6025,39.5515,67.63136607,1899.1427,303.9886595,356.4910169,270.0187,259.1162,2116.5823,277.4342,4699.6060747465,206.265,47.523,2630055.0,3786513.0,3329347.0,3426548.0,26870.07094,1.566916667
Niger,182.8009,1902.0995154545458,517.7037,103.8,8149.262037254901,1.0,119.0949,-31.6573,1275.7595,132.428,444.9317,7.923,67.63136607,2271.3992,437.0438686,356.4910169,145.0676,205.6923,9978.3875,972.78,4699.6060747465,2330.091580597014,2791.277414646465,20072055.0,4002638.0,12342370.0,11991269.0,17188.27725,0.968666667
Nigeria,2739.7588,1049.939,2185.6451,16115.4871,8149.262037254901,525.7733786,5686.1165,-22482.466077931032,45991.2677,2319.8608,2079.1511,1135.022668,25.1022,32343.5506,4263.647715,417.5601,13002.9975,1120.9809,19995.9332,2871.1486,4699.6060747465,1049.0337,15.2108,99040175.0,107112526.0,105243174.0,103084231.0,154933.1875,1.2675
Niue,1415.0737959731543,1902.0995154545458,1229.5057635359117,2005.210414,8149.262037254901,11.48108457,0.3427,-2.1793,24946.201698290606,0.1344,0.1375,17.00466279,67.63136607,65.07234738,209.5877284,860.0921649,34163.13001767677,0.1299,0.0694,1.0586,4699.6060747465,2330.091580597014,0.0929,878.0,754.0,919.0,1024.0,3235.865868,1.042538863
North Macedonia,0.2248,0.6503,36.539,24.9077,8149.262037254901,3.0,229.2965,-22482.466077931032,24946.201698290606,345.0748,382.7758,28.1692,111.8993,523.0982,272.6812,369.125883,1028.4365,74.0562,102.5247,175.4105,4699.6060747465,2330.091580597014,42.6107,866902.0,1221133.0,1052884.0,1058187.0,3750.481283,1.577916667
Northern Mariana Islands,1415.0737959731543,1902.0995154545458,1229.5057635359117,1680.010525,8149.262037254901,11.48108457,2.2838,60.9307,909.5948,1.0692,35.40695888,17.00466279,77.39365076,2.0587,451.1962912,2005.792129,34163.13001767677,980.6839290816326,2148.251693,2340.8846484693877,4699.6060747465,2330.091580597014,10.5216,4539.0,50808.0,26631.0,22956.0,7412.995796,1.218027692
Norway,1415.0737959731543,1902.0995154545458,76.6109,294.3329405,5432.742,12.0,1208.2871,-20215.008,24946.201698290606,47.1501,335.1141,13.3517,166.3385,484.1431,532.8962,1581.190091,11937.0806,282.4929,340.8455,597.6481,4699.6060747465,2330.091580597014,180.5459,927855.0,4521838.0,2713119.0,2666720.0,3307.761732,2.465416667
Oman,1415.0737959731543,1902.0995154545458,7.169,246.4072765,8149.262037254901,16.0,1130.903,-3.8683,22.9753,1085.8346,2850.1877,222.8887,52.7466,453.5739,7.0926,3331.5067,14714.8608,9.2513,541.6486,64.6453,4699.6060747465,2330.091580597014,2791.277414646465,706730.0,4442970.0,2820785.0,1722614.0,24753.82308,0.465083333
Pakistan,23.0795,1902.0995154545458,2782.7625,13073.6116,8149.262037254901,263.0,5064.0972,-22482.466077931032,6995.417,5167.6426,2314.2946,3570.4207,294.2841,33135.9599,7234.017713,6894.7923,25093.6035,5944.9764,24572.3226,13003.0063,4699.6060747465,2330.091580597014,59.1399,130924605.0,77437729.0,114815641.0,112381099.0,155486.4284,0.39025
Palau,1415.0737959731543,1902.0995154545458,1229.5057635359117,1639.724833,8149.262037254901,11.48108457,11.5416,-22482.466077931032,24946.201698290606,2.9354,4.0181,0.6794,74.01813278,0.6473,483.1260998,2791.684228,0.515,980.6839290816326,6250.660317,2340.8846484693877,4699.6060747465,2330.091580597014,10.7459,4267.0,18175.0,9377.0,8595.0,11281.77739,1.371
Palestine,0.0737,1902.0995154545458,3.8889,246.4072765,8149.262037254901,19.0,263.6931,-22482.466077931032,24946.201698290606,641.7245,2661.5092,19.1763,0.2774,1128.5363,354.3770456,2012.447178,34163.13001767677,5.5934,109.4781,11.5767,4699.6060747465,2330.091580597014,37.5042,1239153.0,4083476.0,2502621.0,2516780.0,7515.2633,1.54775
Panama,28.7541,0.9718,32.5085,39.149,673.9482,61.0,466.147,-271.4536,3824.6318,868.6533,1073.1128,8.9813,67.63136607,1600.8653,242.0675702,1.2912,600.0125,97.5697,652.176,117.6585,4699.6060747465,0.9718,40.5205,1354818.0,2934512.0,2148870.0,2145526.0,10227.16864,1.502454545
Papua New Guinea,65.3965,27.2155,0.8549,2.7232,21762.5708,5.0,152.3616,-22482.466077931032,11465.5664,106.9086,195.3103,42.4469,67.63136607,347.0801,459.1090461,2519.142474,251.7246,90.7732,52.9357,919.9344,4699.6060747465,21.6543,356.1307,7587206.0,1168469.0,5039466.0,4710175.0,38912.47059,1.058333333
Paraguay,2699.1516,539.5253,1114.903,705.6,8149.262037254901,318.0,858.2118,-1880.2626,47847.7947,161.8059,0.871,0.1564,0.0724,1708.8965,338.014114,356.4910169,615.5351,228.1076,5729.6399,585.9291,4699.6060747465,414.7585,2791.277414646465,2672298.0,4394032.0,3323985.0,3294711.0,62343.20133,1.431916667
Peru,87.3516,168.0052,339.5221,2750.1268,101.9907,193.0,2476.5376,-3246.9785,92892.6325,2250.9927,1232.7105,315.4907,214.8147,9473.0038,2191.248803,0.2193,6107.49,708.5567,4358.6409,1009.4219,4699.6060747465,124.4076,359.1904,7229699.0,26082479.0,16499432.0,16805323.0,124108.376,1.796666667
Philippines,47.4959,81.8246,1589.6687,44205.7683,8149.262037254901,699.0,3119.9655,2462.1111,24946.201698290606,8088.8659,6685.829,1743.361,556.5742,11473.1048,4005.9432,365.0198,18937.6885,974.2553,2002.5947,3906.8139,4699.6060747465,45.9729,753.3788,57694793.0,52008603.0,56947945.0,55243033.0,111745.2361,1.569
Poland,1.5809,4.0432,1555.8524,1443.263309,28327.1329,800.0,5964.1819,-45790.8,24946.201698290606,8045.7986,5503.1681,1233.616,2534.1934,9201.3899,10421.7316,15030.4841,56299.3523,2485.611,762.7979,4524.0439,4699.6060747465,2330.091580597014,14972.4588,15160592.0,22781639.0,18590207.0,19838160.0,123319.9002,2.60175
Portugal,15.3059,121.5664,53.4754,366.0653,247.2523,163.0,1187.2833,-22482.466077931032,24946.201698290606,2402.1741,1481.3751,150.5519,418.2116,2717.0422,1146.5948,438.015,39462.3146,535.0464,498.7708,1634.5742,4699.6060747465,2330.091580597014,138.935,3442606.0,6775807.0,4859873.0,5438319.0,53177.5543,1.897916667
Puerto Rico,1415.0737959731543,1902.0995154545458,0.0128,0.3352,61.2394,119.6077724,1570.696312,-2691.2029,24946.201698290606,871.196,1975.3844,16.0977,138.1203231,1047.6328,320.8348985,10753.10239,34163.13001767677,42.2481,160.7913,33.7501,4699.6060747465,2330.091580597014,2791.277414646465,234336.0,3416272.0,1547842.0,1723723.0,14419.8466,1.273166667
Qatar,1415.0737959731543,1902.0995154545458,0.0742,246.4072765,8149.262037254901,2.0,1327.1498,-22482.466077931032,24946.201698290606,1259.2551,2554.3337,754.2473,813.0149,613.433,505.7605962,3910.8876,18614.295,1.5952,167.933,21.1302,4699.6060747465,2330.091580597014,1034.7599,21355.0,2770452.0,2005391.0,754994.0,31826.27677,1.706833333
Republic of Korea,1.7704,5.457,281.1996,4271.4202,8149.262037254901,414.0,11225.782,-48594.3187,2795.4667,9640.4089,18716.4755,4172.0908,3348.6272,6955.0864,9668.8883,3106.6622,58445.688,776.1566,1179.7835,1852.1856,4699.6060747465,2330.091580597014,4269.021,9572865.0,41934110.0,25901551.0,25943140.0,92531.8512,1.392083333
Republic of Moldova,0.3072,0.1302,94.4751,252.9215786,190.8318,92.0,251.7459,-4.6941,24946.201698290606,490.769,316.6244,37.6608,34.0102,1871.3508,353.8521,377.4078996,792.3886,157.1673,83.3509,198.2988,4699.6060747465,2330.091580597014,400.6933,2296147.0,1721540.0,1465475.0,1619372.0,5991.291778,3.018583333
Romania,9.7308,9.3745,1073.8501,47.04,551.8901,139.0,1618.9444,-28562.1813,5094.1748,2323.3105,1017.8388,260.0176,643.6952,4060.1508,1755.0442,3439.2183,12716.7122,1080.0629,1205.9214,1872.8094,4699.6060747465,2330.091580597014,1497.03,8880997.0,10507365.0,9405845.0,10036193.0,11853.6347,2.309583333
Russian Federation,5538.7853,3335.0838,8736.1337,1536.1304,52839.6553,2225.0,20165.7085,-622211.7411,34533.949,62575.3972,13412.3594,7390.7148,15809.3396,32948.3033,31116.8699,42289.8212,283927.2608,6879.3544,3945.2765,12348.4577,4699.6060747465,2330.091580597014,15126.9312,36300573.0,107486269.0,67643172.0,77974156.0,34468.7909,3.558083333
Rwanda,28.913,1902.0995154545458,102.982,57.9846,1675.4089,33.0,70.1777,-415.008,24946.201698290606,22.5838,179.8976,3.6387,67.63136607,3033.8637,242.3327147,356.4910169,357.3209,151.8756,863.0326,287.0622,4699.6060747465,2330.091580597014,45.8555,10805843.0,2281330.0,6423145.0,6723217.0,7165.043898,1.280638881
"Saint Helena, Ascension and Tristan da Cunha",1415.0737959731543,1902.0995154545458,1229.5057635359117,3969.160038,8149.262037254901,12.23287065,1.2326,0.0755,24946.201698290606,7731.158550234741,44.3894237,548.4029167,956.1571325,65.07234738,1727.603114,1809.752979,34163.13001767677,980.6839290816326,2313.955884,2340.8846484693877,4699.6060747465,2330.091580597014,0.308,2472.0,1654.0,2751.0,2670.0,11448.34281,1.50925
Saint Kitts and Nevis,1415.0737959731543,1902.0995154545458,1229.5057635359117,6622.20858,8149.262037254901,1.0,26.26266345,-22482.466077931032,24946.201698290606,0.3147,9.63,62.49703029,67.63136607,35.2851,252.21419,1922.055614,11.0389,0.4777,2.0453,0.5563,4699.6060747465,2330.091580597014,0.3451,39290.0,17523.0,23072.0,24570.0,9013.562544,1.0455
Saint Lucia,1415.0737959731543,1902.0995154545458,1229.5057635359117,777.9657276,8149.262037254901,6.0,22.9666,-146.3731,24946.201698290606,27.6168,45.6015,19.9805176,67.63136607,93.6454,209.5877284,779.5667924,49.1663,1.8355,7.1096,2.7135,4699.6060747465,2330.091580597014,7.7366,147062.0,34141.0,88826.0,90411.0,1972.750832,1.060916667
Saint Pierre and Miquelon,1415.0737959731543,1902.0995154545458,1229.5057635359117,2559.407096,8149.262037254901,12.23287065,2.7634,-22482.466077931032,1.3689,7731.158550234741,0.0027,548.4029167,1073.241236,65.07234738,1727.603114,2005.792129,34163.13001767677,980.6839290816326,2128.603725,2340.8846484693877,4699.6060747465,2330.091580597014,5.6657,623.0,5784.0,2939.0,2966.0,10130.15614,1.012833333
Saint Vincent and the Grenadines,1415.0737959731543,1902.0995154545458,0.0328,246.4072765,8149.262037254901,11.48108457,10.8308,-3.7462,3.7462,22.7461,12.8366,3.0455,89.98390806,36.5669,209.5877284,658.5406035,7.1286,1.0612,3.3316,1.2101,4699.6060747465,2330.091580597014,11.4035,52020.0,58737.0,53434.0,51199.0,1326.194301,1.148083333
Samoa,1415.0737959731543,1902.0995154545458,1229.5057635359117,1011.444081,8149.262037254901,8.0,14.4092,2.3712,104.2624,5.9955,10.5424,17.00466279,67.63136607,9.1486,209.5877284,2329.417463,2.8612,5.8313,27.6314,52.9051,4699.6060747465,2330.091580597014,2.7899,164318.0,35799.0,109634.0,105296.0,3881.833502,1.3105
San Marino,1415.0737959731543,1902.0995154545458,1229.5057635359117,9009.418345,8149.262037254901,11.48108457,1.0153,-22482.466077931032,24946.201698290606,0.2368,4.4989,17.00466279,67.63136607,6.051,451.1962912,1762.765252,20.23,980.6839290816326,2313.955884,2340.8846484693877,0.058149493,2330.091580597014,2791.277414646465,846.0,32963.0,16563.0,17444.0,13665.54304,1.913083333
Sao Tome and Principe,1415.0737959731543,1902.0995154545458,0.0332,246.4072765,8149.262037254901,11.48108457,4.1865,-22482.466077931032,215.3074,3.4636,21.2261,17.00466279,89.98390806,17.4024,209.5877284,1807.613681,1.1406,3.8227,2.7226,6.5598,4699.6060747465,2330.091580597014,4.7799,55910.0,162101.0,109112.0,109528.0,2662.723141,1.57925
Saudi Arabia,3.2856,1902.0995154545458,76.2298,4428.4802406470835,8149.262037254901,87.0,12917.0254,-22482.466077931032,24946.201698290606,11230.4794,5797.2868,2905.6096,194.0699,10741.7652,6.6289,11182.5779,90044.6836,145.8458,2259.1893,294.8927,4699.6060747465,2330.091580597014,2791.277414646465,5454064.0,29255576.0,20886852.0,15110254.0,147886.5699,1.524166667
Senegal,2448.8267,88.8899,226.8173,791.3049,8149.262037254901,22.0,340.0207,354.999,3974.6667,508.9752,1008.1364,34.9948,107.8267,2422.8866,398.3424,55.7953,2780.0493,136.7013,3095.6552,408.9103,4699.6060747465,87.0784,421.8239,8923031.0,8277123.0,8076926.0,8359194.0,19714.701,1.727666667
Serbia,0.6322,8.5874,592.4325,910.8123984,2.5151,129.0189375,952.1909,-6725.1092,6636.1258,1232.8746,1482.2436,246.7484,415.028,1726.4948,1546.1644,296.0934,14921.3281,415.7543,321.3275,1180.8475,4699.6060747465,2330.091580597014,363.7285,3790875.0,4913067.0,3527301.0,3830704.0,26655.83914,1.876166667
Seychelles,1415.0737959731543,1902.0995154545458,1229.5057635359117,921.6641089,8149.262037254901,364.0317330608875,17.7797,-22482.466077931032,24946.201698290606,6.9047,23.0834,17.00466279,67.63136607,40.0838,3.1367,779.5667924,3.1703,0.5137,1.1299,0.8652,4699.6060747465,2330.091580597014,14.8891,40804.0,55308.0,55587.0,49943.0,1897.42343,1.439166667
Sierra Leone,350.988,11.3753,108.3946,1108.8209,8149.262037254901,11.70157481,76.5962,-113.96,3459.8392,12.7422,19.1299,1.4486,67.63136607,737.8935,209.5877284,356.4910169,50.1517,44.7885,576.4979,116.2,4699.6060747465,11.246,56.082,4592960.0,3453971.0,4124768.0,4109203.0,7273.646186,1.606083333
Singapore,1415.0737959731543,1902.0995154545458,1229.5057635359117,757.7566432,8149.262037254901,105.8306119,678.063,-17.0128,49.6497,1389.4966,2766.3911,25.1285,65.6847,337.6596,290.4408716,2012.447178,16410.4719,6.232,8.7766,4.4444,4699.6060747465,2330.091580597014,2791.277414646465,18232564.708333332,5935053.0,3090012.0,2819857.0,24891.4606,1.611083333
Slovakia,1415.0737959731543,1902.0995154545458,257.5508,808.825941,64.7556,32.0,572.4837,-1097.3057,24946.201698290606,722.2945,536.1756,42.7966,455.6362,986.7522,373.8029,0.0119,6174.2002,148.7099,73.7113,270.2746,4699.6060747465,2330.091580597014,276.8269,2520712.0,2930688.0,2664671.0,2792010.0,10699.50314,2.056916667
Slovenia,1415.0737959731543,1902.0995154545458,35.8677,248.061497,165.6156,15.0,383.795,-965.2655,1162.213,221.9579,228.7197,4.1745,230.8947,412.6233,210.7418,1.1634,2081.5114,117.5283,100.0632,255.3707,4699.6060747465,2330.091580597014,238.8103,934472.0,1147583.0,1062997.0,1054644.0,5148.846497,2.146583333
Solomon Islands,1415.0737959731543,1902.0995154545458,0.2482,9.4325,0.7042,78.9145049,20.2291,45199.8485,210.0916,1.9379,108.7173,17.00466279,67.63136607,29.3455,209.5877284,6573.590239,12.528,3.0276,8.7235,27.3521,4699.6060747465,2330.091580597014,17.5732,487611.0,159686.0,353241.0,337950.0,52596.4877,1.122090909
Somalia,13.872,1902.0995154545458,25.8838,6.4719,8149.262037254901,11.60616495,13.3904,-22482.466077931032,17352.1517,3.176,3.321,1.8466,67.63136607,1266.9742,431.7032812,2499.667692,41.5316,121.268,5489.0125,848.1548,4699.6060747465,2330.091580597014,5.9943,8674136.0,7431038.0,8290471.0,8246544.0,28203.6573,1.789083333
South Africa,1642.525,186.5444,943.7101,8.5613,508.4824,980.0,4864.1303,-500.136,6661.3213,9856.2941,8363.8347,6539.3476,3813.5011,8668.6078,1058.8041,4288.897343,21403.5652,312.3827,7584.6413,877.2156,4699.6060747465,0.6959,8360.8888,19170340.0,39550889.0,28580784.0,30221143.0,96423.81504,0.937833333
South Sudan,19420.7463,3146.4113,66.4527,301.525878,9346.4146,12.09839581,99.1641,2062.3309,24946.201698290606,69.6268,1296.1166,57.6494,67.63136607,372.5862,237.9027608,411.2617763,44.436,339.6294,9180.8719,706.3704,4699.6060747465,3081.8703,82.7706,10860946.0,2749061.0,5248072.0,5358155.0,50403.86768,0.779916667
Spain,22.7195,6.1089,1548.3999,1440.2707,428.4586,648.0,5742.6464,-15139.749,807.8143,3005.2276,2778.1705,683.908,1972.5615,13032.7707,5912.157,3250.5027,22695.2512,3268.8997,2656.6947,11128.0717,4699.6060747465,2330.091580597014,1761.4676,8915682.0,37543537.0,23212737.0,24151070.0,67650.3522,1.977833333
Sri Lanka,0.3057,1902.0995154545458,321.5206,3185.3884,1219.3898,86.0,979.778,-36.0784,598.4645,1117.6317,707.7267,0.0292,0.4116,3307.1552,234.661231,356.4910169,1581.6987,82.654,262.6026,198.0343,4699.6060747465,2330.091580597014,1.9039,17138554.0,3945488.0,10466187.0,11248892.0,14205.76875,1.246166667
Sudan,3641.7085,18.1405,494.534,45.915,8149.262037254901,118.0,1059.9351,-22482.466077931032,21003.2522,1240.294,1415.9266,183.1674,15.6514,3791.0659,649.0024,363.1460658,1710.1285,523.0071,21523.7486,2220.5069,4699.6060747465,2.3602,961.5376,28191779.0,15349424.0,22209433.0,22231053.0,60981.02797,0.5825
Suriname,8.4191,7.218,17.2957,482.8029,645.1611,11.0,25.3886,-22482.466077931032,8572.7871,117.7093,95.4236,7.7015,7.3456,84.5956,131.5691235,3742.154411,56.0611,12.7201,27.4737,12.6879,4699.6060747465,7.218,328.6232,195577.0,382175.0,302656.0,304409.0,14401.35563,1.667416667
Sweden,1415.0737959731543,1902.0995154545458,349.5076,839.7153707,9812.276,31.0,1411.8993,-44979.5867,23845.36,64.4671,445.1852,7.6901,341.8124,940.6376,623.7688,591.1888352,7002.1314,375.8608,305.0199,906.6335,4699.6060747465,2330.091580597014,1434.3997,1216924.0,8904762.0,5219047.0,5149922.0,4348.966906,3.039833333
Switzerland,1415.0737959731543,1902.0995154545458,58.2581,483.7899058,806.5261,24.0,1933.1567,-3051.4225,511.0195,436.7177,1928.7874,22.95,89.9599,1413.4166,2784.5198,565.6824101,5879.4638,421.9577,322.1787,1024.7266,4699.6060747465,2330.091580597014,436.7279,2261695.0,6408840.0,4286005.0,4352609.0,16092.41632,2.40175
Syrian Arab Republic,45.6741,2.7277,377.1929,1162.702914,8149.262037254901,35.0,593.9039,-332.3314,336.16,1255.3178,3416.915,522.6487,1.942,2753.6142,231.7515571,407.2115,2053.75,29.4131,1891.5056,144.2292,4699.6060747465,2330.091580597014,674.8625,8426159.0,10498283.0,10407665.0,10364931.0,15604.19127,1.894416667
Tajikistan,0.8563,1902.0995154545458,89.6874,68.6093,8149.262037254901,3.0,197.3609,-128.6548,24946.201698290606,250.0373,42.1475,192.4099,31.2764,1162.0586,33.8316,27.3825,2290.106,342.1041,857.7278,676.702,4699.6060747465,2330.091580597014,4.9224,6868973.0,2606273.0,4801489.0,4741717.0,6141.5652,0.686916667
Thailand,316.4466,4873.8766,2437.1695,46580.7657,1026.4179,569.0,8987.0221,291.4707,11455.3413,13429.3147,26532.8902,194.1143,1655.367,18143.6286,18210.4281,427.2782,36448.82,989.7959,1784.5995,3163.3495,4699.6060747465,3984.07,8035.5047,33712543.0,35698325.0,34769467.0,36706197.0,209536.6711,1.598583333
Timor-Leste,2.286,13.9322,9.0332,106.9834,8149.262037254901,364.0317330608875,12.6134,-22482.466077931032,463.232,29.5602,300.1782,3.0672,67.63136607,92.0431,209.5877284,5798.471913,4.3929,39.2452,104.2493,172.4793,4699.6060747465,5.137,14.2585,948751.0,432649.0,662972.0,637023.0,7448.382107,1.87125
Togo,637.8922,30.8199,113.7799,28.5617,8149.262037254901,37.0,121.1743,-328.9249,1140.876,49.362,514.1492,0.4674,28.2822,1115.5004,81.8634,356.4910169,873.0242,121.4624,821.9912,240.5026,4699.6060747465,30.8199,2791.277414646465,4795827.0,3588464.0,4243063.0,4199517.0,6015.095017,1.166916667
Tokelau,1415.0737959731543,1902.0995154545458,1229.5057635359117,757.7566432,8149.262037254901,137.4169596,1828.850007,-22482.466077931032,24946.201698290606,7731.158550234741,1266.337019,591.1015889,184.1803719,85.68311232,394.3124488,2012.447178,34163.13001767677,0.049,0.0007,0.4329,4699.6060747465,2330.091580597014,2791.277414646465,1357.0,23121666.404444445,912.0,915.0,7258.567929,1.124693409
Tonga,1415.0737959731543,1902.0995154545458,1229.5057635359117,921.6641089,8149.262037254901,1.0,10.1843,-22482.466077931032,24946.201698290606,3.4872,1.9179,0.5032,67.63136607,3.928,209.5877284,1186.928642,1.22,4.0821,9.8007,38.0329,4699.6060747465,2330.091580597014,15.0964,85389.0,25648.0,52093.0,53161.0,2475.064545,1.346166667
Trinidad and Tobago,0.6606,1902.0995154545458,0.4786,7.056,8149.262037254901,32.0,243.9954,43.5082,82.3746,428.9574,1237.2473,122.1834304,57.3588,826.3421,389.7105763,17226.0578,14752.8041,51.3357,76.6661,43.5415,4699.6060747465,2330.091580597014,71.7531,644583.0,733146.0,749174.0,768972.0,35694.03131,1.373583333
Tunisia,18.4352,1.5592,120.1865,472.4379467,8149.262037254901,73.0,768.4471,-3801.4957,16.2149,2530.0606,1350.887,560.7716,293.4672,2712.0822,609.72,1416.012,3876.9548,97.7299,1458.8691,169.7241,4699.6060747465,2330.091580597014,1292.8741,3622337.0,8280799.0,6012828.0,6148895.0,14037.93775,1.897666667
Turkmenistan,86.0145,1902.0995154545458,121.4984,844.1067,8149.262037254901,272.0,905.2797,-22482.466077931032,24946.201698290606,611.6159,1946.4391,3535.0067,6.5095,424.9009,1669.877141,846.8434076,3450.626,466.2716,1490.6282,819.3478,4699.6060747465,2330.091580597014,2791.277414646465,2863841.0,3167354.0,3096157.0,3154282.0,17496.96555,0.948416667
Turks and Caicos Islands,1415.0737959731543,1902.0995154545458,1229.5057635359117,1639.724833,8149.262037254901,11.48108457,16.054,-22482.466077931032,24946.201698290606,7.5444,12.6757,17.00466279,67.63136607,1.3849,451.1962912,1664.257391,0.3171,980.6839290816326,2313.955884,2340.8846484693877,4699.6060747465,2330.091580597014,11.9314,2363.0,34590.0,22325.0,21952.0,6215.159013,1.471166667
Tuvalu,1415.0737959731543,1902.0995154545458,1229.5057635359117,2004.946254,8149.262037254901,11.48108457,0.3392,-0.1997,24946.201698290606,0.3722,0.3589,17.00466279,67.63136607,10.0966,209.5877284,860.0921649,0.0989,0.6593,0.0067,6.2681,4699.6060747465,2330.091580597014,0.4591,4138.0,7361.0,5702.0,5367.0,3189.20256,1.150166667
Uganda,1252.2737,11.9043,224.6217,134.1659,5867.0162,1.0,388.5044,-2016.872,10472.1569,8.5602,5711.7293,0.1292,36.4939,5832.9068,242.4374,387.3282672,805.1346,436.1015,8194.6518,1006.5387,4699.6060747465,9.5769,551.6619,35412691.0,11775012.0,21973090.0,22431520.0,39558.02157,1.270666667
Ukraine,135.7075,309.2985,3906.8596,87.808,19524.3013,723.0,2340.5857,-24177.538,1443.376,6708.5283,2309.8344,1351.4407,1168.3101,10366.0816,4266.7216,12269.6966,30046.8349,1572.1936,520.4327,3237.3095,4699.6060747465,2330.091580597014,3854.6922,13244602.0,30334632.0,20332123.0,23577544.0,81965.4748,2.893916667
United Arab Emirates,1415.0737959731543,1902.0995154545458,0.6614,246.4072765,8149.262037254901,144.64721,3352.2069,-22482.466077931032,24946.201698290606,2617.353,3121.5228,1746.3398,4.7427,2299.3047,6.2284,3213.8385,19844.389,18.1578,586.1483,88.1327,4699.6060747465,2330.091580597014,2791.277414646465,1271026.0,8542144.0,6475368.0,2811921.0,37290.08049,1.182916667
United Kingdom of Great Britain and Northern Ireland,1.6838,0.5218,1183.0385,1443.263309,26394.6895,281.0,8251.6247,-13596.0,24946.201698290606,10572.8533,7075.8256,576.9391,1718.3111,9027.9147,7852.3362,1662.7597,36955.4516,2922.8374,4315.9275,5663.9304,4699.6060747465,2330.091580597014,454.2461,10839028.0,56495180.0,33122378.0,33937096.0,112759.1543,1.319833333
United Republic of Tanzania,6818.0889,5876.0538,859.0343,6905.1455,4525.5044,364.0317330608875,732.969,-22482.466077931032,59156.5333,187.3797,7338.3075,56.5109,12.4396,9659.0689,5618.568019,363.1460658,2978.6,407.3889,14309.6618,1173.9801,4699.6060747465,3913.8565,84.6108,40661266.0,22113353.0,30475454.0,31229064.0,130976.848,1.10125
United States of America,2031.3179,5405.3003,26151.6287,11846.338,50220.7454,10884.0,60066.4841,-331408.0367,59727.2867,88647.5223,82012.6489,28211.6338,18924.9541,50130.0109,97522.757,35822.4009,582960.6973,14593.2688,34375.597,54764.8665,4699.6060747465,0.2783,40802.7314,57456395.0,273975139.0,166504407.0,169437597.0,1023694.432,1.322083333
United States Virgin Islands,1415.0737959731543,1902.0995154545458,1229.5057635359117,926.3422785,8149.262037254901,12.23287065,59.97612794,-165.4599,24946.201698290606,7731.158550234741,34.7977,643.5802313,1073.241236,138.7843,1727.603114,2005.792129,34163.13001767677,980.6839290816326,2148.251693,2340.8846484693877,4699.6060747465,2330.091580597014,2791.277414646465,4259.0,100599.0,47122.0,53321.0,8605.14178,1.237416667
Uruguay,14.2534,2.7259,333.452,1099.952,191.8686,313.0,422.3407,-1905.2,24946.201698290606,252.8503,160.1404,3.6699,159.4289,1053.5351,133.2543,9.7268,748.9522,246.5972,4988.0715,439.2709,4699.6060747465,2330.091580597014,488.8571,156716.0,3337671.0,1660166.0,1768921.0,9156.7472,0.874083333
Uzbekistan,14.4999,1902.0995154545458,469.9476,291.8724,8149.262037254901,332.4045089,1716.3752,-3365.4919,24946.201698290606,8845.8474,1526.772,7461.2665,692.0229,3652.4154,1245.6516,1380.2963,13382.724,1673.8471,4066.5795,3665.5425,4699.6060747465,2330.091580597014,124.1687,16479496.0,16756329.0,16771540.0,16755117.0,47176.74161,1.14025
Vanuatu,1415.0737959731543,1902.0995154545458,0.0681,246.4072765,8149.262037254901,3.0,17.7847,-22482.466077931032,24946.201698290606,3.4618,49.4742,0.5639,80.60773167,13.1501,252.21419,2240.392965,4.9467,6.8425,58.3822,58.7273,4699.6060747465,2330.091580597014,14.8595,218909.0,75025.0,156782.0,154903.0,3050.883163,1.206833333
Venezuela (Bolivarian Republic of),3072.1186,888.0008,110.5478,863.4286,1632.041,89.0,2508.0194,957.7691,39891.3821,2081.3607,4064.8804,120.7814,643.018,1173.6491,2398.130203,4969.9691,11889.2325,902.9064,6757.4177,1139.8205,4699.6060747465,600.3308,521.037,3888173.0,29284219.0,14113760.0,14376694.0,87274.8412,1.291833333
Viet Nam,142.0985,584.6003,2604.8452,35694.0568,3832.8949,568.0,3658.1656,-17342.2622,24946.201698290606,20662.1607,7784.4144,4301.5104,2977.9596,8553.5312,14969.6733,5654.5288,57000.6059,1841.0363,3083.1127,6470.3753,497.4654,206.396,7638.46,61632897.0,36727248.0,47726158.0,48922527.0,171383.6291,1.428083333
Wallis and Futuna Islands,1415.0737959731543,1902.0995154545458,1229.5057635359117,4112.74203,8149.262037254901,12.23287065,0.9194,-22482.466077931032,24946.201698290606,7731.158550234741,44.3894237,548.4029167,1073.241236,65.07234738,1727.603114,2005.792129,34163.13001767677,980.6839290816326,2148.251693,2340.8846484693877,4699.6060747465,2330.091580597014,1.0544,11551.0,23121666.404444445,5614.0,6040.0,11739.70156,1.232333333
Western Sahara,1415.0737959731543,1902.0995154545458,1229.5057635359117,926.3422785,8149.262037254901,252.7420283,2298.021251,-104.5657,24946.201698290606,7731.158550234741,1266.337019,643.5802313,1186.432655,154.4174363,2369.112862,2012.447178,34163.13001767677,980.6839290816326,2148.251693,2340.8846484693877,4699.6060747465,2330.091580597014,2791.277414646465,78676.0,518663.0,307187.0,248862.0,13153.11893,2.068
Yemen,1415.0737959731543,1902.0995154545458,42.7411,796.1961221,8149.262037254901,2.0,370.7984,-22482.466077931032,24946.201698290606,1316.0689,3888.3887,563.5602102,68.41215211,3361.1612,280.1959553,387.0795749,1922.45,69.3978,2710.1936,256.7221,4699.6060747465,2330.091580597014,277.8026,18779891.0,11465414.0,16320979.0,15963067.0,16313.16841,1.320126089
Zambia,13655.6268,21465.8081,205.7266,48.5218,14566.6658,75.0,284.439,-22482.466077931032,19047.2568,69.9292,32.5606,41.7491,104.7042,2060.9529,209.5877284,380.6732183,1440.9758,135.8311,1902.358,319.8354,4699.6060747465,19808.3477,114.3543,10342892.0,8336381.0,9338613.0,9589102.0,95970.90415,0.714416667
Zimbabwe,481.9027,48.4197,108.3022,7.9733,8149.262037254901,73.0,238.7639,76500.2982,10662.4408,213.9211,568.0445,350.2168,16.6754,1134.1634,307.4145,1227.240253,940.42,85.3143,2829.7457,266.7316,4699.6060747465,2330.091580597014,444.2335,11980005.0,5700460.0,7385220.0,8284447.0,96505.22185,0.189
